scenario,ts,seq,supply_c,return_c,indoor_rh,compressor_a,blower_a,filter_pa,suction_c,airflow_proxy,vibration_g,power_w
normal_cooling,2026-01-01T00:00:00+00:00,0,24.930169834784902,24.964766552966633,51.914487257333505,0,0,0,25,0,0,8
normal_cooling,2026-01-01T00:01:00+00:00,12,24.957587552978037,25.045889057887845,51.92361315565099,0,0,0,25,0,0,8
normal_cooling,2026-01-01T00:02:00+00:00,24,15.076838565439644,24.971754233066324,51.930184181158225,8.892782746727814,1.9466672167361723,39.35243545698074,7,1,0.11969925460682712,2300
normal_cooling,2026-01-01T00:03:00+00:00,36,14.940874672655244,24.939341232683862,52.08006166757682,8.991789370504616,2.030595608568202,40.68087105455858,7,1,0.1259928748969932,2300
normal_cooling,2026-01-01T00:04:00+00:00,48,15.088653406802697,25.01190276129954,51.92742688717937,8.976847235310018,1.9145092199312976,39.24324390876836,7,1,0.11481277516906539,2300
normal_cooling,2026-01-01T00:05:00+00:00,60,14.986435517156883,25.063784028068344,52.06692278666605,9.002674380862066,2.0375483471381384,39.786172151123175,7,1,0.12964881080829593,2300
normal_cooling,2026-01-01T00:06:00+00:00,72,14.91321007124443,25.03185989786087,51.95043870629254,8.90622328887816,2.0458670076078795,39.14889999994835,7,1,0.11410435054164172,2300
normal_cooling,2026-01-01T00:07:00+00:00,84,15.082684777491878,25.026179160773815,52.009845629637596,8.819790413777428,2.0464704936905,40.439145163902296,7,1,0.11901720845921547,2300
normal_cooling,2026-01-01T00:08:00+00:00,96,14.91407038167171,24.92242653682745,52.01657819478467,8.889433213444017,2.020212179424095,39.776163894845276,7,1,0.11020923279784267,2300
normal_cooling,2026-01-01T00:09:00+00:00,108,14.912515988652912,24.906970877146797,51.95140319048605,9.159420715587189,1.967813906614444,40.494573608977376,7,1,0.11544629325493737,2300
normal_cooling,2026-01-01T00:10:00+00:00,120,14.989822771553758,25.07322546568179,52.05555525521152,8.842312024943404,2.0192294131364017,40.89140416691213,7,1,0.12239895959939057,2300
normal_cooling,2026-01-01T00:11:00+00:00,132,15.012468653682596,24.908219806676897,51.907625740271655,8.847092406123389,2.019903954052528,40.676408519211456,7,1,0.1210010367406919,2300
normal_cooling,2026-01-01T00:12:00+00:00,144,14.90965829088745,25.04871894412932,51.95073050008725,9.193622079105069,2.0171740650064636,40.27847568640049,7,1,0.1232739706182067,2300
normal_cooling,2026-01-01T00:13:00+00:00,156,14.903045541301026,25.07600904033695,51.94722185856361,9.177879158136804,2.049230269960997,40.48775732819403,7,1,0.11653742793082252,2300
normal_cooling,2026-01-01T00:14:00+00:00,168,14.998916333306662,24.93690384025448,52.06636716800204,9.177547955986546,1.956745950602354,39.52115016546856,7,1,0.11429428680811661,2300
normal_cooling,2026-01-01T00:15:00+00:00,180,15.0400157057997,25.054809671106476,52.03591930446253,8.981561077930118,1.9626028556522848,40.28307764417254,7,1,0.12256553883860262,2300
normal_cooling,2026-01-01T00:16:00+00:00,192,15.027460238464805,24.985698654686455,51.97248631887548,9.141778184131118,1.911412574477911,40.85745241199685,7,1,0.12655799754926403,2300
normal_cooling,2026-01-01T00:17:00+00:00,204,14.963418799211354,24.966179253447518,52.01729023303501,9.113686221827555,1.9080102196319078,40.269641773217565,7,1,0.12445353069220394,2300
normal_cooling,2026-01-01T00:18:00+00:00,216,15.04588838458079,24.96221251981332,52.072193510584405,8.823911608208059,1.9735131158661245,39.97265694452745,7,1,0.12149926464673377,2300
normal_cooling,2026-01-01T00:19:00+00:00,228,14.931230989569112,25.05746950966379,51.96898433160864,8.808228043002142,1.906715815074211,40.038913631545554,7,1,0.12980809284311093,2300
normal_cooling,2026-01-01T00:20:00+00:00,240,15.010674817695197,25.042744884567526,52.0741446288666,8.964712668200603,1.931137292124957,39.53279357281719,7,1,0.11542214268013691,2300
normal_cooling,2026-01-01T00:21:00+00:00,252,15.07456066922499,24.912241600888283,51.99896070725685,9.012204202426977,2.007466289601284,40.02662813701692,7,1,0.11041375610881117,2300
normal_cooling,2026-01-01T00:22:00+00:00,264,15.002755774410696,25.091216960431723,51.993283455953375,8.8593629343509,1.924784009921003,40.06766298311839,7,1,0.11262738598662472,2300
normal_cooling,2026-01-01T00:23:00+00:00,276,14.91758594635373,25.016316476809884,51.96477338369034,9.13526116085843,2.091752644368736,40.686779806138354,7,1,0.11408619060696967,2300
normal_cooling,2026-01-01T00:24:00+00:00,288,14.96456438920487,25.05411619481272,51.97076896023072,8.906644021358186,1.9198911441256514,39.338829249633704,7,1,0.12807710199768846,2300
normal_cooling,2026-01-01T00:25:00+00:00,300,14.962157791875303,25.01353619567315,51.91720739259521,9.14040100345482,1.964207431954614,39.354094397666124,7,1,0.12325497610737692,2300
normal_cooling,2026-01-01T00:26:00+00:00,312,15.061146705685745,25.040547963716353,52.0092806967552,9.055006725299368,2.008786319584067,40.93882870347589,7,1,0.11499380126053194,2300
normal_cooling,2026-01-01T00:27:00+00:00,324,15.041114794318709,25.063946859538387,52.08898671450681,8.999812041910769,1.931496493511846,39.98875967298418,7,1,0.11599144408145921,2300
normal_cooling,2026-01-01T00:28:00+00:00,336,14.922922682205728,25.05138010374917,52.044319874815876,9.132084291237478,1.9783925496701893,39.20418641656619,7,1,0.11342510371922859,2300
normal_cooling,2026-01-01T00:29:00+00:00,348,15.015832328026649,24.90119761576579,51.904102440549046,9.19455908420284,1.909076298223249,39.918815417234285,7,1,0.11291657339438245,2300
normal_cooling,2026-01-01T00:30:00+00:00,360,25.007387887898812,24.93763538937365,52.02797844905093,0,0,0,25,0,0,8
normal_cooling,2026-01-01T00:31:00+00:00,372,25.095476968148894,25.05452119044884,51.955652556361784,0,0,0,25,0,0,8
normal_cooling,2026-01-01T00:32:00+00:00,384,15.08382593300278,24.98198547796461,52.025424551755684,8.900771507682697,1.9524641598899128,39.4481655661867,7,1,0.1186758897068842,2300
normal_cooling,2026-01-01T00:33:00+00:00,396,14.902118026205468,24.97252197305442,52.0306228957381,9.019524014981844,2.0380576065337257,40.08793916228617,7,1,0.12964722812076535,2300
normal_cooling,2026-01-01T00:34:00+00:00,408,15.059656323752572,24.99566799660128,51.929976104208706,8.946770171787668,2.0041387508217463,40.36035987929288,7,1,0.1147525855336704,2300
normal_cooling,2026-01-01T00:35:00+00:00,420,15.09773613294793,24.901205253878455,51.95246863676103,8.902009560656413,2.0717756633442286,39.62608108496255,7,1,0.12111387452405431,2300
normal_cooling,2026-01-01T00:36:00+00:00,432,14.992890575750055,24.91871807008707,51.98597170015154,8.845749110099113,2.0656989728686463,40.357813662311045,7,1,0.11244254464767786,2300
normal_cooling,2026-01-01T00:37:00+00:00,444,14.978653495943906,24.90618400934935,51.95839155550273,8.833730413508084,2.015703423645532,40.78100983978439,7,1,0.11467835772686595,2300
normal_cooling,2026-01-01T00:38:00+00:00,456,15.018973219251832,24.967918289696097,52.05858989552373,8.995621197235076,1.9032707139119378,39.00899069458947,7,1,0.11221194295260355,2300
normal_cooling,2026-01-01T00:39:00+00:00,468,14.958234259147758,25.052490438881126,51.984140532535626,9.05951951171255,2.0609807311743795,40.95630193363969,7,1,0.12352994362107463,2300
normal_cooling,2026-01-01T00:40:00+00:00,480,14.967745813253382,24.926712973733327,51.98264112333475,9.140773807686084,2.0335624117188797,40.00427043442589,7,1,0.12155646360405586,2300
normal_cooling,2026-01-01T00:41:00+00:00,492,15.047198797609528,24.938841585928873,51.98772277947877,9.08149479551037,1.939346503873641,39.39540785238501,7,1,0.11531214016693435,2300
normal_cooling,2026-01-01T00:42:00+00:00,504,15.042747512444741,25.034579157623483,52.029907526775546,8.98868556501238,1.92835520076512,40.384064314970736,7,1,0.1281805332747058,2300
normal_cooling,2026-01-01T00:43:00+00:00,516,15.05931046467991,25.04653759412767,52.06743763992027,8.812248598546157,2.036172586880683,40.433341528910624,7,1,0.12699955566393958,2300
normal_cooling,2026-01-01T00:44:00+00:00,528,14.981788624371248,24.960632956616255,51.98898558317021,8.837937706295573,2.086461851687181,40.45662563857533,7,1,0.11684692208807049,2300
normal_cooling,2026-01-01T00:45:00+00:00,540,14.914887012253306,25.046265217858156,51.96356385662843,9.065173726645329,1.9722470895471362,39.41066611231311,7,1,0.11239414940826202,2300
normal_cooling,2026-01-01T00:46:00+00:00,552,15.082955188780428,24.91031813537416,51.903501520907824,8.915587862591345,2.093378700576983,39.57927832112513,7,1,0.12740903066670475,2300
normal_cooling,2026-01-01T00:47:00+00:00,564,15.006970245260383,24.90300095170068,51.95448765461006,8.801899888626012,1.9346434922304456,39.140102249360034,7,1,0.12391772452725776,2300
normal_cooling,2026-01-01T00:48:00+00:00,576,14.93954156684962,24.992351117775183,52.00135967242474,8.94513547326854,2.043264450842822,40.042588589637106,7,1,0.12058523331743022,2300
normal_cooling,2026-01-01T00:49:00+00:00,588,15.07987976526845,25.021305325685976,51.96541218046534,9.1275643076931,1.9531953319156299,40.69698641177698,7,1,0.1173167723866654,2300
normal_cooling,2026-01-01T00:50:00+00:00,600,15.064082353584762,25.00473604543655,51.971322697552374,9.097925998579813,2.0603448213007773,39.444655772952835,7,1,0.11438016017775605,2300
normal_cooling,2026-01-01T00:51:00+00:00,612,15.00091219588538,24.963158002681233,51.99594253724803,9.189194308495674,1.9972497067944228,39.879651617537434,7,1,0.12889634509043257,2300
normal_cooling,2026-01-01T00:52:00+00:00,624,15.07172148485534,25.04960998966823,51.91863372717733,9.101414219079857,2.0193983765338626,40.74585482044343,7,1,0.12953582380737302,2300
normal_cooling,2026-01-01T00:53:00+00:00,636,14.917453230304966,25.086671793467357,51.92058029379911,8.845475395340166,2.0742533466746913,39.553271858044155,7,1,0.11883595643678194,2300
normal_cooling,2026-01-01T00:54:00+00:00,648,14.973532036094236,24.9535691165376,52.05237584110217,8.864851246305719,2.0772156046261614,40.17876030994196,7,1,0.11735355964000596,2300
normal_cooling,2026-01-01T00:55:00+00:00,660,15.060173173434722,25.017706599528868,52.0005605110036,9.024185673882299,1.9825396425475605,40.14886665487391,7,1,0.12087175291032155,2300
normal_cooling,2026-01-01T00:56:00+00:00,672,14.92541091540454,24.99673521732886,52.03949346867925,9.190519641993944,1.9090452027163478,40.15628282703467,7,1,0.12430548307156761,2300
normal_cooling,2026-01-01T00:57:00+00:00,684,15.093304357387916,25.034040847224492,51.94586058756769,8.843426563500312,2.059131992961519,39.673828742984384,7,1,0.12474217581540652,2300
normal_cooling,2026-01-01T00:58:00+00:00,696,15.098598567959627,24.988085321990905,51.992371132777905,8.80085669179999,1.918700927354387,39.42501526613767,7,1,0.11181958245990002,2300
normal_cooling,2026-01-01T00:59:00+00:00,708,14.953514803657537,25.045618248205784,51.93543903515594,9.008285600016613,1.9031509423532977,40.65575089975494,7,1,0.1278053151413454,2300
normal_cooling,2026-01-01T01:00:00+00:00,720,24.958411755669456,25.05544574137021,52.05727295275159,0,0,0,25,0,0,8
normal_cooling,2026-01-01T01:01:00+00:00,732,25.067783794660187,24.920220668703184,51.91009822815274,0,0,0,25,0,0,8
normal_cooling,2026-01-01T01:02:00+00:00,744,14.91597040397673,25.07294762152195,52.07612550769882,8.805313662466045,2.02540784848965,40.95649701370145,7,1,0.12264085056749124,2300
normal_cooling,2026-01-01T01:03:00+00:00,756,14.948196264077362,24.950375486293396,51.90938181961072,8.839034415910048,2.088910713279747,40.48438760603147,7,1,0.11816449959655298,2300
normal_cooling,2026-01-01T01:04:00+00:00,768,14.931134182054022,24.934059998525065,51.94240352433683,8.840989662780212,1.9309556829087764,39.67312852836888,7,1,0.12434085630638855,2300
normal_cooling,2026-01-01T01:05:00+00:00,780,15.06995349397997,24.98272800629136,52.0172573915286,8.921935762853627,1.9982965132828678,39.47560363023554,7,1,0.1179015866007313,2300
normal_cooling,2026-01-01T01:06:00+00:00,792,15.060681683493115,24.969214017918027,52.0117057710321,9.174200133593946,1.903723041009716,40.54811469150925,7,1,0.11541446027101378,2300
normal_cooling,2026-01-01T01:07:00+00:00,804,14.956482242327358,24.965069767004756,52.02769743173634,8.951939125724156,2.0843226583146923,39.96125077163703,7,1,0.12878788860420592,2300
normal_cooling,2026-01-01T01:08:00+00:00,816,15.006581752116633,25.00750157745084,51.913239047188775,9.075641307510146,1.9760703714978922,40.33508888195639,7,1,0.12838100664728982,2300
normal_cooling,2026-01-01T01:09:00+00:00,828,15.050243883712513,24.923353428205054,51.91928657189517,9.005997498075603,1.95400962180257,39.50345697641521,7,1,0.12768151096329178,2300
normal_cooling,2026-01-01T01:10:00+00:00,840,14.92047144053943,25.09167757354621,52.044646070364585,9.07386659705096,1.9821178586844534,39.63479766788655,7,1,0.12501496844602056,2300
normal_cooling,2026-01-01T01:11:00+00:00,852,14.968816905551526,24.933552326325234,52.060910968980394,8.847326045429092,1.942033252776996,40.95585459328731,7,1,0.11213255690296109,2300
normal_cooling,2026-01-01T01:12:00+00:00,864,14.96851567900629,25.02763250246678,51.92484430420703,8.8684527035465,1.9612199508187267,40.1209621460032,7,1,0.12236761631799348,2300
normal_cooling,2026-01-01T01:13:00+00:00,876,15.096956608859948,24.917348565510057,52.02247850653807,8.874682440323458,1.9872011115248602,39.6998477514743,7,1,0.1286152050300117,2300
normal_cooling,2026-01-01T01:14:00+00:00,888,14.961032789391894,25.060180946987973,51.93901816406381,8.815683478236918,2.0619979916916717,40.92843209848666,7,1,0.12057851393266171,2300
normal_heating,2026-01-01T00:00:00+00:00,0,24.930169834784902,24.964766552966633,51.914487257333505,0,0,0,25,0,0,8
normal_heating,2026-01-01T00:01:00+00:00,12,24.957587552978037,25.045889057887845,51.92361315565099,0,0,0,25,0,0,8
normal_heating,2026-01-01T00:02:00+00:00,24,45.076838565439644,24.971754233066324,51.930184181158225,0,1.946391373363907,39.35243545698074,25,1,0,300
normal_heating,2026-01-01T00:03:00+00:00,36,44.94460833462064,24.965932999009553,52.09698521011818,0,2.0612157169571335,40.70525759749332,25,1,0,300
normal_heating,2026-01-01T00:04:00+00:00,48,44.98380251055091,24.951872959054043,52.08200341126311,0,1.9916321972943467,39.70756804790652,25,1,0,300
normal_heating,2026-01-01T00:05:00+00:00,60,44.98630436359953,24.932293211976177,51.967823228867765,0,1.9637051136675387,39.39148933226786,25,1,0,300
normal_heating,2026-01-01T00:06:00+00:00,72,44.986435517156885,25.063784028068344,52.06692278666605,0,2.001337190431033,39.786172151123175,25,1,0,300
normal_heating,2026-01-01T00:07:00+00:00,84,45.066987518687405,25.00087421025109,52.0652818243004,0,2.0785659472811018,40.168123033612474,25,1,0,300
normal_heating,2026-01-01T00:08:00+00:00,96,45.00481314251096,24.928348135571905,51.9265210145762,0,2.0017488707297564,40.64043402122957,25,1,0,300
normal_heating,2026-01-01T00:09:00+00:00,108,44.932331392281014,24.933466493551737,52.081191982048495,0,1.9440050504401118,39.99415157065371,25,1,0,300
normal_heating,2026-01-01T00:10:00+00:00,120,44.91407038167171,24.92242653682745,52.01657819478467,0,1.9447166067220079,39.776163894845276,25,1,0,300
normal_heating,2026-01-01T00:11:00+00:00,132,44.90057414483762,24.933852188451525,51.9702933720055,0,1.9247416564242972,40.91102966495116,25,1,0,300
normal_heating,2026-01-01T00:12:00+00:00,144,45.0975647659185,25.076694925286205,51.91681651951125,0,1.999695053679395,39.192845157102646,25,1,0,300
normal_heating,2026-01-01T00:13:00+00:00,156,44.920277553492554,24.912654215705647,52.01002752207898,0,1.918230519671825,40.27836389145251,25,1,0,300
normal_heating,2026-01-01T00:14:00+00:00,168,45.012468653682596,24.908219806676897,51.907625740271655,0,1.9235462030616945,40.676408519211456,25,1,0,300
normal_heating,2026-01-01T00:15:00+00:00,180,45.07908262070543,25.035935991000866,52.05697386304191,0,2.0061442465313846,39.230157401684906,25,1,0,300
normal_heating,2026-01-01T00:16:00+00:00,192,45.08070069402516,24.9496994035916,52.00630548004094,0,1.9475337612021217,39.811977448845774,25,1,0,300
normal_heating,2026-01-01T00:17:00+00:00,204,45.024524413921434,24.942393221544567,52.08215794588856,0,1.9053805099604921,39.28918983091285,25,1,0,300
normal_heating,2026-01-01T00:18:00+00:00,216,44.99891633330666,24.93690384025448,52.06636716800204,0,2.088773977993273,39.52115016546856,25,1,0,300
normal_heating,2026-01-01T00:19:00+00:00,228,45.02759617255837,24.93923818634343,51.94128879291601,0,1.9067863211223741,39.77668242847795,25,1,0,300
normal_heating,2026-01-01T00:20:00+00:00,240,44.911323660988295,24.97109460031624,51.97993683526144,0,1.9837164996794399,39.02661667876221,25,1,0,300
normal_heating,2026-01-01T00:21:00+00:00,252,45.05833486994285,25.08081745416296,52.07822707099918,0,2.056256292895087,40.216734289782856,25,1,0,300
normal_heating,2026-01-01T00:22:00+00:00,264,44.963418799211354,24.966179253447518,52.01729023303501,0,2.0568431109137775,40.269641773217565,25,1,0,300
normal_heating,2026-01-01T00:23:00+00:00,276,44.903555414491066,24.925793697643776,51.94845407672342,0,1.937482066337471,40.46711484706711,25,1,0,300
normal_heating,2026-01-01T00:24:00+00:00,288,45.07344103156453,25.062350483075697,51.9547697364917,0,2.061406578939927,40.70236508246153,25,1,0,300
normal_heating,2026-01-01T00:25:00+00:00,300,45.07413338378902,25.01147604937797,52.08944101310612,0,1.9128371668800268,40.819839431267994,25,1,0,300
normal_heating,2026-01-01T00:26:00+00:00,312,45.0106748176952,25.042744884567526,52.0741446288666,0,1.9823563341003014,39.53279357281719,25,1,0,300
normal_heating,2026-01-01T00:27:00+00:00,324,44.90308902771699,24.998603421584264,51.99532286842656,0,1.953251909089595,40.7440273413879,25,1,0,300
normal_heating,2026-01-01T00:28:00+00:00,336,44.96770971179114,25.055381426756462,51.96701650726129,0,2.0962441825336584,39.87116376821736,25,1,0,300
normal_heating,2026-01-01T00:29:00+00:00,348,44.94845088919053,24.96210090820635,52.00248989991235,0,2.017136663789234,39.766343339824765,25,1,0,300
normal_heating,2026-01-01T00:30:00+00:00,360,24.917585946353732,25.016316476809884,51.96477338369034,0,0,0,25,0,0,8
normal_heating,2026-01-01T00:31:00+00:00,372,25.037977436696522,25.078902215205016,52.098049708469034,0,0,0,25,0,0,8
normal_heating,2026-01-01T00:32:00+00:00,384,44.964564389204874,25.05411619481272,51.97076896023072,0,1.9533220106790934,39.338829249633704,25,1,0,300
normal_heating,2026-01-01T00:33:00+00:00,396,45.09168065127841,24.975378721400116,52.09018780809038,0,1.9454545987522451,40.009659442371806,25,1,0,300
normal_heating,2026-01-01T00:34:00+00:00,408,44.96218339000561,24.9078467734938,51.93593431944333,0,2.0140330515770493,40.67893074792109,25,1,0,300
normal_heating,2026-01-01T00:35:00+00:00,420,45.01265370434638,24.92837761281066,52.06307853924926,0,2.052103409083511,40.096520355710915,25,1,0,300
normal_heating,2026-01-01T00:36:00+00:00,432,45.04111479431871,25.063946859538387,52.08898671450681,0,1.9999060209553843,39.98875967298418,25,1,0,300
normal_heating,2026-01-01T00:37:00+00:00,444,44.93610033090194,24.92285071794278,52.00962277166523,0,2.0724347276051653,39.22454358967035,25,1,0,300
normal_heating,2026-01-01T00:38:00+00:00,456,44.98935359868599,24.938629595479263,52.01627459740621,0,1.9041913382530924,39.227152344453,25,1,0,300
normal_heating,2026-01-01T00:39:00+00:00,468,44.95631671219027,24.972582088100765,52.07456270277009,0,2.0362667606354217,40.87728741975343,25,1,0,300
normal_heating,2026-01-01T00:40:00+00:00,480,45.00738788789881,24.93763538937365,52.02797844905093,0,1.9424452667259393,40.8457755748566,25,1,0,300
normal_heating,2026-01-01T00:41:00+00:00,492,44.93548584412163,24.92986307278701,52.08429132667049,0,1.9058085938555422,39.32415991318968,25,1,0,300
normal_heating,2026-01-01T00:42:00+00:00,504,44.93374841133428,24.91950967870847,51.91804627837867,0,2.0837005952974423,39.67907954219225,25,1,0,300
normal_heating,2026-01-01T00:43:00+00:00,516,44.94815239880317,24.975393635021167,51.92323307854952,0,2.0567934707308604,40.68611464829493,25,1,0,300
normal_heating,2026-01-01T00:44:00+00:00,528,45.05965632375257,24.99566799660128,51.929976104208706,0,1.973385085893834,40.36035987929288,25,1,0,300
normal_heating,2026-01-01T00:45:00+00:00,540,45.053975652843555,25.053845683317615,51.944141697656946,0,2.063495969795395,39.1542736674998,25,1,0,300
normal_heating,2026-01-01T00:46:00+00:00,552,44.91438561054214,25.07252607774725,51.93603312375276,0,2.012211872245669,40.84479692162987,25,1,0,300
normal_heating,2026-01-01T00:47:00+00:00,564,45.078612932212764,24.95423481578793,51.94543567237077,0,1.9064807825984218,40.84921366423166,25,1,0,300
normal_heating,2026-01-01T00:48:00+00:00,576,44.97865349594391,24.90618400934935,51.95839155550273,0,1.9168652067540424,40.78100983978439,25,1,0,300
normal_heating,2026-01-01T00:49:00+00:00,588,44.92316763560181,25.08918779139596,52.057495869401514,0,2.067674444388561,39.504008825879026,25,1,0,300
normal_heating,2026-01-01T00:50:00+00:00,600,45.06187893548183,24.99091414893457,51.97046078544295,0,2.010535344085949,39.20181436813653,25,1,0,300
normal_heating,2026-01-01T00:51:00+00:00,612,44.91069924322854,24.96239437745152,51.97659407224816,0,2.0924251477323854,40.93385178387329,25,1,0,300
normal_heating,2026-01-01T00:52:00+00:00,624,44.96774581325338,24.926712973733327,51.98264112333475,0,2.0703869038430422,40.00427043442589,25,1,0,300
normal_heating,2026-01-01T00:53:00+00:00,636,45.044906257226344,25.026002020051678,51.98002787737594,0,2.0177509224549355,40.02417308024358,25,1,0,300
normal_heating,2026-01-01T00:54:00+00:00,648,44.95038810023119,24.941857822766625,52.081774179925155,0,2.0890625131353273,40.42042978522645,25,1,0,300
normal_heating,2026-01-01T00:55:00+00:00,660,45.08613688790718,24.948090161295486,52.034375986522775,0,2.027727881935328,40.86070934766808,25,1,0,300
normal_heating,2026-01-01T00:56:00+00:00,672,45.05931046467991,25.04653759412767,52.06743763992027,0,1.906124299273078,40.433341528910624,25,1,0,300
normal_heating,2026-01-01T00:57:00+00:00,684,45.038229468265534,24.905535307663325,51.95190399679286,0,2.0286587145037918,40.92862511658609,25,1,0,300
normal_heating,2026-01-01T00:58:00+00:00,696,44.94479629792066,25.05295759145929,51.94380394632019,0,1.973069894672744,39.768360523181215,25,1,0,300
normal_heating,2026-01-01T00:59:00+00:00,708,45.04807460463308,25.08911564398111,51.973545436049186,0,1.9363455484804006,40.80543887094883,25,1,0,300
normal_heating,2026-01-01T01:00:00+00:00,720,25.082955188780428,24.91031813537416,51.903501520907824,0,0,0,25,0,0,8
normal_heating,2026-01-01T01:01:00+00:00,732,24.9414302997925,25.091581030146724,52.09231821616579,0,0,0,25,0,0,8
normal_heating,2026-01-01T01:02:00+00:00,744,45.00697024526038,24.90300095170068,51.95448765461006,0,1.9009499443130058,39.140102249360034,25,1,0,300
normal_heating,2026-01-01T01:03:00+00:00,756,45.08036481318466,25.022943972337746,51.96222743093273,0,1.9521573098469203,40.32503284362804,25,1,0,300
normal_heating,2026-01-01T01:04:00+00:00,768,44.91412788229586,24.921309858113762,52.006371098166206,0,1.9338226023907283,40.66618383536261,25,1,0,300
normal_heating,2026-01-01T01:05:00+00:00,780,44.950643425441605,25.062602991322855,51.97613416379242,0,1.926718475281895,40.67940491895543,25,1,0,300
normal_heating,2026-01-01T01:06:00+00:00,792,45.06408235358476,25.00473604543655,51.971322697552374,0,2.0489629992899068,39.444655772952835,25,1,0,300
normal_heating,2026-01-01T01:07:00+00:00,804,44.910511324537396,25.085019225643393,51.98852509091684,0,1.913927021470194,39.17267726165882,25,1,0,300
normal_heating,2026-01-01T01:08:00+00:00,816,44.923083514177776,24.936482505925976,52.060098887943454,0,1.9646426168181799,39.053498620039015,25,1,0,300
normal_heating,2026-01-01T01:09:00+00:00,828,44.94652903897028,24.95066262252056,52.09897866349412,0,1.9350200193607239,40.411743028464834,25,1,0,300
normal_heating,2026-01-01T01:10:00+00:00,840,44.917453230304965,25.086671793467357,51.92058029379911,0,1.922737697670083,39.553271858044155,25,1,0,300
normal_heating,2026-01-01T01:11:00+00:00,852,45.054233275447906,25.0942123070263,52.006591632402895,0,1.9887086484018595,40.70966708612173,25,1,0,300
normal_heating,2026-01-01T01:12:00+00:00,864,44.900355038444054,25.042638864617913,51.9853093297594,0,1.9625999657738413,40.938129965670264,25,1,0,300
normal_heating,2026-01-01T01:13:00+00:00,876,45.00061828231639,24.99052516667216,52.020807136483675,0,1.9139004666504265,39.36182959673129,25,1,0,300
normal_heating,2026-01-01T01:14:00+00:00,888,44.92541091540454,24.99673521732886,52.03949346867925,0,2.095259820996972,40.15628282703467,25,1,0,300
dirty_filter,2026-01-01T00:00:00+00:00,0,24.930169834784902,24.964766552966633,51.914487257333505,0,0,0,25,0,0,8
dirty_filter,2026-01-01T00:01:00+00:00,12,24.957587552978037,25.045889057887845,51.92361315565099,0,0,0,25,0,0,8
dirty_filter,2026-01-01T00:02:00+00:00,24,15.076838565439644,24.971754233066324,51.930184181158225,8.892782746727814,1.9466672167361723,39.35243545698074,7,1,0.11969925460682712,2300
dirty_filter,2026-01-01T00:03:00+00:00,36,14.940874672655244,24.939341232683862,52.08006166757682,8.991789370504616,2.030595608568202,40.68087105455858,7,1,0.1259928748969932,2300
dirty_filter,2026-01-01T00:04:00+00:00,48,15.088653406802697,25.01190276129954,51.92742688717937,8.976847235310018,1.9145092199312976,39.24324390876836,7,1,0.11481277516906539,2300
dirty_filter,2026-01-01T00:05:00+00:00,60,14.986435517156883,25.063784028068344,52.06692278666605,9.002674380862066,2.0375483471381384,39.786172151123175,7,1,0.12964881080829593,2300
dirty_filter,2026-01-01T00:06:00+00:00,72,14.91321007124443,25.03185989786087,51.95043870629254,8.90622328887816,2.0458670076078795,39.14889999994835,7,1,0.11410435054164172,2300
dirty_filter,2026-01-01T00:07:00+00:00,84,15.082684777491878,25.026179160773815,52.009845629637596,8.819790413777428,2.0464704936905,40.439145163902296,7,1,0.11901720845921547,2300
dirty_filter,2026-01-01T00:08:00+00:00,96,14.91407038167171,24.92242653682745,52.01657819478467,8.889433213444017,2.020212179424095,39.776163894845276,7,1,0.11020923279784267,2300
dirty_filter,2026-01-01T00:09:00+00:00,108,14.912515988652912,24.906970877146797,51.95140319048605,9.159420715587189,1.967813906614444,40.494573608977376,7,1,0.11544629325493737,2300
dirty_filter,2026-01-01T00:10:00+00:00,120,12,25.07322546568179,52.05555525521152,8.842312024943404,2.0192294131364017,65,7,1,0.12239895959939057,2300
dirty_filter,2026-01-01T00:11:00+00:00,132,12,24.908219806676897,51.907625740271655,8.847092406123389,2.019903954052528,65,7,1,0.1210010367406919,2300
dirty_filter,2026-01-01T00:12:00+00:00,144,12,25.04871894412932,51.95073050008725,9.193622079105069,2.0171740650064636,65,7,1,0.1232739706182067,2300
dirty_filter,2026-01-01T00:13:00+00:00,156,12,25.07600904033695,51.94722185856361,9.177879158136804,2.049230269960997,65,7,1,0.11653742793082252,2300
dirty_filter,2026-01-01T00:14:00+00:00,168,12,24.93690384025448,52.06636716800204,9.177547955986546,1.956745950602354,65,7,1,0.11429428680811661,2300
dirty_filter,2026-01-01T00:15:00+00:00,180,12,25.054809671106476,52.03591930446253,8.981561077930118,1.9626028556522848,65,7,1,0.12256553883860262,2300
dirty_filter,2026-01-01T00:16:00+00:00,192,12,24.985698654686455,51.97248631887548,9.141778184131118,1.911412574477911,65,7,1,0.12655799754926403,2300
dirty_filter,2026-01-01T00:17:00+00:00,204,12,24.966179253447518,52.01729023303501,9.113686221827555,1.9080102196319078,65,7,1,0.12445353069220394,2300
dirty_filter,2026-01-01T00:18:00+00:00,216,12,24.96221251981332,52.072193510584405,8.823911608208059,1.9735131158661245,65,7,1,0.12149926464673377,2300
dirty_filter,2026-01-01T00:19:00+00:00,228,12,25.05746950966379,51.96898433160864,8.808228043002142,1.906715815074211,65,7,1,0.12980809284311093,2300
dirty_filter,2026-01-01T00:20:00+00:00,240,12,25.042744884567526,52.0741446288666,8.964712668200603,1.931137292124957,65,7,1,0.11542214268013691,2300
dirty_filter,2026-01-01T00:21:00+00:00,252,12,24.912241600888283,51.99896070725685,9.012204202426977,2.007466289601284,65,7,1,0.11041375610881117,2300
dirty_filter,2026-01-01T00:22:00+00:00,264,12,25.091216960431723,51.993283455953375,8.8593629343509,1.924784009921003,65,7,1,0.11262738598662472,2300
dirty_filter,2026-01-01T00:23:00+00:00,276,12,25.016316476809884,51.96477338369034,9.13526116085843,2.091752644368736,65,7,1,0.11408619060696967,2300
dirty_filter,2026-01-01T00:24:00+00:00,288,12,25.05411619481272,51.97076896023072,8.906644021358186,1.9198911441256514,65,7,1,0.12807710199768846,2300
dirty_filter,2026-01-01T00:25:00+00:00,300,12,25.01353619567315,51.91720739259521,9.14040100345482,1.964207431954614,65,7,1,0.12325497610737692,2300
dirty_filter,2026-01-01T00:26:00+00:00,312,12,25.040547963716353,52.0092806967552,9.055006725299368,2.008786319584067,65,7,1,0.11499380126053194,2300
dirty_filter,2026-01-01T00:27:00+00:00,324,12,25.063946859538387,52.08898671450681,8.999812041910769,1.931496493511846,65,7,1,0.11599144408145921,2300
dirty_filter,2026-01-01T00:28:00+00:00,336,12,25.05138010374917,52.044319874815876,9.132084291237478,1.9783925496701893,65,7,1,0.11342510371922859,2300
dirty_filter,2026-01-01T00:29:00+00:00,348,12,24.90119761576579,51.904102440549046,9.19455908420284,1.909076298223249,65,7,1,0.11291657339438245,2300
dirty_filter,2026-01-01T00:30:00+00:00,360,25.007387887898812,24.93763538937365,52.02797844905093,0,0,0,25,0,0,8
dirty_filter,2026-01-01T00:31:00+00:00,372,25.095476968148894,25.05452119044884,51.955652556361784,0,0,0,25,0,0,8
dirty_filter,2026-01-01T00:32:00+00:00,384,12,24.98198547796461,52.025424551755684,8.900771507682697,1.9524641598899128,65,7,1,0.1186758897068842,2300
dirty_filter,2026-01-01T00:33:00+00:00,396,12,24.97252197305442,52.0306228957381,9.019524014981844,2.0380576065337257,65,7,1,0.12964722812076535,2300
dirty_filter,2026-01-01T00:34:00+00:00,408,12,24.99566799660128,51.929976104208706,8.946770171787668,2.0041387508217463,65,7,1,0.1147525855336704,2300
dirty_filter,2026-01-01T00:35:00+00:00,420,12,24.901205253878455,51.95246863676103,8.902009560656413,2.0717756633442286,65,7,1,0.12111387452405431,2300
dirty_filter,2026-01-01T00:36:00+00:00,432,12,24.91871807008707,51.98597170015154,8.845749110099113,2.0656989728686463,65,7,1,0.11244254464767786,2300
dirty_filter,2026-01-01T00:37:00+00:00,444,12,24.90618400934935,51.95839155550273,8.833730413508084,2.015703423645532,65,7,1,0.11467835772686595,2300
dirty_filter,2026-01-01T00:38:00+00:00,456,12,24.967918289696097,52.05858989552373,8.995621197235076,1.9032707139119378,65,7,1,0.11221194295260355,2300
dirty_filter,2026-01-01T00:39:00+00:00,468,12,25.052490438881126,51.984140532535626,9.05951951171255,2.0609807311743795,65,7,1,0.12352994362107463,2300
dirty_filter,2026-01-01T00:40:00+00:00,480,12,24.926712973733327,51.98264112333475,9.140773807686084,2.0335624117188797,65,7,1,0.12155646360405586,2300
dirty_filter,2026-01-01T00:41:00+00:00,492,12,24.938841585928873,51.98772277947877,9.08149479551037,1.939346503873641,65,7,1,0.11531214016693435,2300
dirty_filter,2026-01-01T00:42:00+00:00,504,12,25.034579157623483,52.029907526775546,8.98868556501238,1.92835520076512,65,7,1,0.1281805332747058,2300
dirty_filter,2026-01-01T00:43:00+00:00,516,12,25.04653759412767,52.06743763992027,8.812248598546157,2.036172586880683,65,7,1,0.12699955566393958,2300
dirty_filter,2026-01-01T00:44:00+00:00,528,12,24.960632956616255,51.98898558317021,8.837937706295573,2.086461851687181,65,7,1,0.11684692208807049,2300
dirty_filter,2026-01-01T00:45:00+00:00,540,12,25.046265217858156,51.96356385662843,9.065173726645329,1.9722470895471362,65,7,1,0.11239414940826202,2300
dirty_filter,2026-01-01T00:46:00+00:00,552,12,24.91031813537416,51.903501520907824,8.915587862591345,2.093378700576983,65,7,1,0.12740903066670475,2300
dirty_filter,2026-01-01T00:47:00+00:00,564,12,24.90300095170068,51.95448765461006,8.801899888626012,1.9346434922304456,65,7,1,0.12391772452725776,2300
dirty_filter,2026-01-01T00:48:00+00:00,576,12,24.992351117775183,52.00135967242474,8.94513547326854,2.043264450842822,65,7,1,0.12058523331743022,2300
dirty_filter,2026-01-01T00:49:00+00:00,588,12,25.021305325685976,51.96541218046534,9.1275643076931,1.9531953319156299,65,7,1,0.1173167723866654,2300
dirty_filter,2026-01-01T00:50:00+00:00,600,12,25.00473604543655,51.971322697552374,9.097925998579813,2.0603448213007773,65,7,1,0.11438016017775605,2300
dirty_filter,2026-01-01T00:51:00+00:00,612,12,24.963158002681233,51.99594253724803,9.189194308495674,1.9972497067944228,65,7,1,0.12889634509043257,2300
dirty_filter,2026-01-01T00:52:00+00:00,624,12,25.04960998966823,51.91863372717733,9.101414219079857,2.0193983765338626,65,7,1,0.12953582380737302,2300
dirty_filter,2026-01-01T00:53:00+00:00,636,12,25.086671793467357,51.92058029379911,8.845475395340166,2.0742533466746913,65,7,1,0.11883595643678194,2300
dirty_filter,2026-01-01T00:54:00+00:00,648,12,24.9535691165376,52.05237584110217,8.864851246305719,2.0772156046261614,65,7,1,0.11735355964000596,2300
dirty_filter,2026-01-01T00:55:00+00:00,660,12,25.017706599528868,52.0005605110036,9.024185673882299,1.9825396425475605,65,7,1,0.12087175291032155,2300
dirty_filter,2026-01-01T00:56:00+00:00,672,12,24.99673521732886,52.03949346867925,9.190519641993944,1.9090452027163478,65,7,1,0.12430548307156761,2300
dirty_filter,2026-01-01T00:57:00+00:00,684,12,25.034040847224492,51.94586058756769,8.843426563500312,2.059131992961519,65,7,1,0.12474217581540652,2300
dirty_filter,2026-01-01T00:58:00+00:00,696,12,24.988085321990905,51.992371132777905,8.80085669179999,1.918700927354387,65,7,1,0.11181958245990002,2300
dirty_filter,2026-01-01T00:59:00+00:00,708,12,25.045618248205784,51.93543903515594,9.008285600016613,1.9031509423532977,65,7,1,0.1278053151413454,2300
dirty_filter,2026-01-01T01:00:00+00:00,720,24.958411755669456,25.05544574137021,52.05727295275159,0,0,0,25,0,0,8
dirty_filter,2026-01-01T01:01:00+00:00,732,25.067783794660187,24.920220668703184,51.91009822815274,0,0,0,25,0,0,8
dirty_filter,2026-01-01T01:02:00+00:00,744,12,25.07294762152195,52.07612550769882,8.805313662466045,2.02540784848965,65,7,1,0.12264085056749124,2300
dirty_filter,2026-01-01T01:03:00+00:00,756,12,24.950375486293396,51.90938181961072,8.839034415910048,2.088910713279747,65,7,1,0.11816449959655298,2300
dirty_filter,2026-01-01T01:04:00+00:00,768,12,24.934059998525065,51.94240352433683,8.840989662780212,1.9309556829087764,65,7,1,0.12434085630638855,2300
dirty_filter,2026-01-01T01:05:00+00:00,780,12,24.98272800629136,52.0172573915286,8.921935762853627,1.9982965132828678,65,7,1,0.1179015866007313,2300
dirty_filter,2026-01-01T01:06:00+00:00,792,12,24.969214017918027,52.0117057710321,9.174200133593946,1.903723041009716,65,7,1,0.11541446027101378,2300
dirty_filter,2026-01-01T01:07:00+00:00,804,12,24.965069767004756,52.02769743173634,8.951939125724156,2.0843226583146923,65,7,1,0.12878788860420592,2300
dirty_filter,2026-01-01T01:08:00+00:00,816,12,25.00750157745084,51.913239047188775,9.075641307510146,1.9760703714978922,65,7,1,0.12838100664728982,2300
dirty_filter,2026-01-01T01:09:00+00:00,828,12,24.923353428205054,51.91928657189517,9.005997498075603,1.95400962180257,65,7,1,0.12768151096329178,2300
dirty_filter,2026-01-01T01:10:00+00:00,840,12,25.09167757354621,52.044646070364585,9.07386659705096,1.9821178586844534,65,7,1,0.12501496844602056,2300
dirty_filter,2026-01-01T01:11:00+00:00,852,12,24.933552326325234,52.060910968980394,8.847326045429092,1.942033252776996,65,7,1,0.11213255690296109,2300
dirty_filter,2026-01-01T01:12:00+00:00,864,12,25.02763250246678,51.92484430420703,8.8684527035465,1.9612199508187267,65,7,1,0.12236761631799348,2300
dirty_filter,2026-01-01T01:13:00+00:00,876,12,24.917348565510057,52.02247850653807,8.874682440323458,1.9872011115248602,65,7,1,0.1286152050300117,2300
dirty_filter,2026-01-01T01:14:00+00:00,888,12,25.060180946987973,51.93901816406381,8.815683478236918,2.0619979916916717,65,7,1,0.12057851393266171,2300
frozen_evaporator,2026-01-01T00:00:00+00:00,0,24.930169834784902,24.964766552966633,51.914487257333505,0,0,0,25,0,0,8
frozen_evaporator,2026-01-01T00:01:00+00:00,12,24.957587552978037,25.045889057887845,51.92361315565099,0,0,0,25,0,0,8
frozen_evaporator,2026-01-01T00:02:00+00:00,24,15.076838565439644,24.971754233066324,51.930184181158225,8.892782746727814,1.9466672167361723,39.35243545698074,7,1,0.11969925460682712,2300
frozen_evaporator,2026-01-01T00:03:00+00:00,36,14.940874672655244,24.939341232683862,52.08006166757682,8.991789370504616,2.030595608568202,40.68087105455858,7,1,0.1259928748969932,2300
frozen_evaporator,2026-01-01T00:04:00+00:00,48,15.088653406802697,25.01190276129954,51.92742688717937,8.976847235310018,1.9145092199312976,39.24324390876836,7,1,0.11481277516906539,2300
frozen_evaporator,2026-01-01T00:05:00+00:00,60,14.986435517156883,25.063784028068344,52.06692278666605,9.002674380862066,2.0375483471381384,39.786172151123175,7,1,0.12964881080829593,2300
frozen_evaporator,2026-01-01T00:06:00+00:00,72,14.91321007124443,25.03185989786087,51.95043870629254,8.90622328887816,2.0458670076078795,39.14889999994835,7,1,0.11410435054164172,2300
frozen_evaporator,2026-01-01T00:07:00+00:00,84,15.082684777491878,25.026179160773815,52.009845629637596,8.819790413777428,2.0464704936905,40.439145163902296,7,1,0.11901720845921547,2300
frozen_evaporator,2026-01-01T00:08:00+00:00,96,14.91407038167171,24.92242653682745,52.01657819478467,8.889433213444017,2.020212179424095,39.776163894845276,7,1,0.11020923279784267,2300
frozen_evaporator,2026-01-01T00:09:00+00:00,108,14.912515988652912,24.906970877146797,51.95140319048605,9.159420715587189,1.967813906614444,40.494573608977376,7,1,0.11544629325493737,2300
frozen_evaporator,2026-01-01T00:10:00+00:00,120,8,25.07322546568179,52.05555525521152,8.842312024943404,2.0192294131364017,40.89140416691213,-3,0.4,0.12239895959939057,2300
frozen_evaporator,2026-01-01T00:11:00+00:00,132,8,24.908219806676897,51.907625740271655,8.847092406123389,2.019903954052528,40.676408519211456,-3,0.4,0.1210010367406919,2300
frozen_evaporator,2026-01-01T00:12:00+00:00,144,8,25.04871894412932,51.95073050008725,9.193622079105069,2.0171740650064636,40.27847568640049,-3,0.4,0.1232739706182067,2300
frozen_evaporator,2026-01-01T00:13:00+00:00,156,8,25.07600904033695,51.94722185856361,9.177879158136804,2.049230269960997,40.48775732819403,-3,0.4,0.11653742793082252,2300
frozen_evaporator,2026-01-01T00:14:00+00:00,168,8,24.93690384025448,52.06636716800204,9.177547955986546,1.956745950602354,39.52115016546856,-3,0.4,0.11429428680811661,2300
frozen_evaporator,2026-01-01T00:15:00+00:00,180,8,25.054809671106476,52.03591930446253,8.981561077930118,1.9626028556522848,40.28307764417254,-3,0.4,0.12256553883860262,2300
frozen_evaporator,2026-01-01T00:16:00+00:00,192,8,24.985698654686455,51.97248631887548,9.141778184131118,1.911412574477911,40.85745241199685,-3,0.4,0.12655799754926403,2300
frozen_evaporator,2026-01-01T00:17:00+00:00,204,8,24.966179253447518,52.01729023303501,9.113686221827555,1.9080102196319078,40.269641773217565,-3,0.4,0.12445353069220394,2300
frozen_evaporator,2026-01-01T00:18:00+00:00,216,8,24.96221251981332,52.072193510584405,8.823911608208059,1.9735131158661245,39.97265694452745,-3,0.4,0.12149926464673377,2300
frozen_evaporator,2026-01-01T00:19:00+00:00,228,8,25.05746950966379,51.96898433160864,8.808228043002142,1.906715815074211,40.038913631545554,-3,0.4,0.12980809284311093,2300
frozen_evaporator,2026-01-01T00:20:00+00:00,240,8,25.042744884567526,52.0741446288666,8.964712668200603,1.931137292124957,39.53279357281719,-3,0.4,0.11542214268013691,2300
frozen_evaporator,2026-01-01T00:21:00+00:00,252,8,24.912241600888283,51.99896070725685,9.012204202426977,2.007466289601284,40.02662813701692,-3,0.4,0.11041375610881117,2300
frozen_evaporator,2026-01-01T00:22:00+00:00,264,8,25.091216960431723,51.993283455953375,8.8593629343509,1.924784009921003,40.06766298311839,-3,0.4,0.11262738598662472,2300
frozen_evaporator,2026-01-01T00:23:00+00:00,276,8,25.016316476809884,51.96477338369034,9.13526116085843,2.091752644368736,40.686779806138354,-3,0.4,0.11408619060696967,2300
frozen_evaporator,2026-01-01T00:24:00+00:00,288,8,25.05411619481272,51.97076896023072,8.906644021358186,1.9198911441256514,39.338829249633704,-3,0.4,0.12807710199768846,2300
frozen_evaporator,2026-01-01T00:25:00+00:00,300,8,25.01353619567315,51.91720739259521,9.14040100345482,1.964207431954614,39.354094397666124,-3,0.4,0.12325497610737692,2300
frozen_evaporator,2026-01-01T00:26:00+00:00,312,8,25.040547963716353,52.0092806967552,9.055006725299368,2.008786319584067,40.93882870347589,-3,0.4,0.11499380126053194,2300
frozen_evaporator,2026-01-01T00:27:00+00:00,324,8,25.063946859538387,52.08898671450681,8.999812041910769,1.931496493511846,39.98875967298418,-3,0.4,0.11599144408145921,2300
frozen_evaporator,2026-01-01T00:28:00+00:00,336,8,25.05138010374917,52.044319874815876,9.132084291237478,1.9783925496701893,39.20418641656619,-3,0.4,0.11342510371922859,2300
frozen_evaporator,2026-01-01T00:29:00+00:00,348,8,24.90119761576579,51.904102440549046,9.19455908420284,1.909076298223249,39.918815417234285,-3,0.4,0.11291657339438245,2300
frozen_evaporator,2026-01-01T00:30:00+00:00,360,25.007387887898812,24.93763538937365,52.02797844905093,0,0,0,25,0,0,8
frozen_evaporator,2026-01-01T00:31:00+00:00,372,25.095476968148894,25.05452119044884,51.955652556361784,0,0,0,25,0,0,8
frozen_evaporator,2026-01-01T00:32:00+00:00,384,8,24.98198547796461,52.025424551755684,8.900771507682697,1.9524641598899128,39.4481655661867,-3,0.4,0.1186758897068842,2300
frozen_evaporator,2026-01-01T00:33:00+00:00,396,8,24.97252197305442,52.0306228957381,9.019524014981844,2.0380576065337257,40.08793916228617,-3,0.4,0.12964722812076535,2300
frozen_evaporator,2026-01-01T00:34:00+00:00,408,8,24.99566799660128,51.929976104208706,8.946770171787668,2.0041387508217463,40.36035987929288,-3,0.4,0.1147525855336704,2300
frozen_evaporator,2026-01-01T00:35:00+00:00,420,8,24.901205253878455,51.95246863676103,8.902009560656413,2.0717756633442286,39.62608108496255,-3,0.4,0.12111387452405431,2300
frozen_evaporator,2026-01-01T00:36:00+00:00,432,8,24.91871807008707,51.98597170015154,8.845749110099113,2.0656989728686463,40.357813662311045,-3,0.4,0.11244254464767786,2300
frozen_evaporator,2026-01-01T00:37:00+00:00,444,8,24.90618400934935,51.95839155550273,8.833730413508084,2.015703423645532,40.78100983978439,-3,0.4,0.11467835772686595,2300
frozen_evaporator,2026-01-01T00:38:00+00:00,456,8,24.967918289696097,52.05858989552373,8.995621197235076,1.9032707139119378,39.00899069458947,-3,0.4,0.11221194295260355,2300
frozen_evaporator,2026-01-01T00:39:00+00:00,468,8,25.052490438881126,51.984140532535626,9.05951951171255,2.0609807311743795,40.95630193363969,-3,0.4,0.12352994362107463,2300
frozen_evaporator,2026-01-01T00:40:00+00:00,480,8,24.926712973733327,51.98264112333475,9.140773807686084,2.0335624117188797,40.00427043442589,-3,0.4,0.12155646360405586,2300
frozen_evaporator,2026-01-01T00:41:00+00:00,492,8,24.938841585928873,51.98772277947877,9.08149479551037,1.939346503873641,39.39540785238501,-3,0.4,0.11531214016693435,2300
frozen_evaporator,2026-01-01T00:42:00+00:00,504,8,25.034579157623483,52.029907526775546,8.98868556501238,1.92835520076512,40.384064314970736,-3,0.4,0.1281805332747058,2300
frozen_evaporator,2026-01-01T00:43:00+00:00,516,8,25.04653759412767,52.06743763992027,8.812248598546157,2.036172586880683,40.433341528910624,-3,0.4,0.12699955566393958,2300
frozen_evaporator,2026-01-01T00:44:00+00:00,528,8,24.960632956616255,51.98898558317021,8.837937706295573,2.086461851687181,40.45662563857533,-3,0.4,0.11684692208807049,2300
frozen_evaporator,2026-01-01T00:45:00+00:00,540,8,25.046265217858156,51.96356385662843,9.065173726645329,1.9722470895471362,39.41066611231311,-3,0.4,0.11239414940826202,2300
frozen_evaporator,2026-01-01T00:46:00+00:00,552,8,24.91031813537416,51.903501520907824,8.915587862591345,2.093378700576983,39.57927832112513,-3,0.4,0.12740903066670475,2300
frozen_evaporator,2026-01-01T00:47:00+00:00,564,8,24.90300095170068,51.95448765461006,8.801899888626012,1.9346434922304456,39.140102249360034,-3,0.4,0.12391772452725776,2300
frozen_evaporator,2026-01-01T00:48:00+00:00,576,8,24.992351117775183,52.00135967242474,8.94513547326854,2.043264450842822,40.042588589637106,-3,0.4,0.12058523331743022,2300
frozen_evaporator,2026-01-01T00:49:00+00:00,588,8,25.021305325685976,51.96541218046534,9.1275643076931,1.9531953319156299,40.69698641177698,-3,0.4,0.1173167723866654,2300
frozen_evaporator,2026-01-01T00:50:00+00:00,600,8,25.00473604543655,51.971322697552374,9.097925998579813,2.0603448213007773,39.444655772952835,-3,0.4,0.11438016017775605,2300
frozen_evaporator,2026-01-01T00:51:00+00:00,612,8,24.963158002681233,51.99594253724803,9.189194308495674,1.9972497067944228,39.879651617537434,-3,0.4,0.12889634509043257,2300
frozen_evaporator,2026-01-01T00:52:00+00:00,624,8,25.04960998966823,51.91863372717733,9.101414219079857,2.0193983765338626,40.74585482044343,-3,0.4,0.12953582380737302,2300
frozen_evaporator,2026-01-01T00:53:00+00:00,636,8,25.086671793467357,51.92058029379911,8.845475395340166,2.0742533466746913,39.553271858044155,-3,0.4,0.11883595643678194,2300
frozen_evaporator,2026-01-01T00:54:00+00:00,648,8,24.9535691165376,52.05237584110217,8.864851246305719,2.0772156046261614,40.17876030994196,-3,0.4,0.11735355964000596,2300
frozen_evaporator,2026-01-01T00:55:00+00:00,660,8,25.017706599528868,52.0005605110036,9.024185673882299,1.9825396425475605,40.14886665487391,-3,0.4,0.12087175291032155,2300
frozen_evaporator,2026-01-01T00:56:00+00:00,672,8,24.99673521732886,52.03949346867925,9.190519641993944,1.9090452027163478,40.15628282703467,-3,0.4,0.12430548307156761,2300
frozen_evaporator,2026-01-01T00:57:00+00:00,684,8,25.034040847224492,51.94586058756769,8.843426563500312,2.059131992961519,39.673828742984384,-3,0.4,0.12474217581540652,2300
frozen_evaporator,2026-01-01T00:58:00+00:00,696,8,24.988085321990905,51.992371132777905,8.80085669179999,1.918700927354387,39.42501526613767,-3,0.4,0.11181958245990002,2300
frozen_evaporator,2026-01-01T00:59:00+00:00,708,8,25.045618248205784,51.93543903515594,9.008285600016613,1.9031509423532977,40.65575089975494,-3,0.4,0.1278053151413454,2300
frozen_evaporator,2026-01-01T01:00:00+00:00,720,24.958411755669456,25.05544574137021,52.05727295275159,0,0,0,25,0,0,8
frozen_evaporator,2026-01-01T01:01:00+00:00,732,25.067783794660187,24.920220668703184,51.91009822815274,0,0,0,25,0,0,8
frozen_evaporator,2026-01-01T01:02:00+00:00,744,8,25.07294762152195,52.07612550769882,8.805313662466045,2.02540784848965,40.95649701370145,-3,0.4,0.12264085056749124,2300
frozen_evaporator,2026-01-01T01:03:00+00:00,756,8,24.950375486293396,51.90938181961072,8.839034415910048,2.088910713279747,40.48438760603147,-3,0.4,0.11816449959655298,2300
frozen_evaporator,2026-01-01T01:04:00+00:00,768,8,24.934059998525065,51.94240352433683,8.840989662780212,1.9309556829087764,39.67312852836888,-3,0.4,0.12434085630638855,2300
frozen_evaporator,2026-01-01T01:05:00+00:00,780,8,24.98272800629136,52.0172573915286,8.921935762853627,1.9982965132828678,39.47560363023554,-3,0.4,0.1179015866007313,2300
frozen_evaporator,2026-01-01T01:06:00+00:00,792,8,24.969214017918027,52.0117057710321,9.174200133593946,1.903723041009716,40.54811469150925,-3,0.4,0.11541446027101378,2300
frozen_evaporator,2026-01-01T01:07:00+00:00,804,8,24.965069767004756,52.02769743173634,8.951939125724156,2.0843226583146923,39.96125077163703,-3,0.4,0.12878788860420592,2300
frozen_evaporator,2026-01-01T01:08:00+00:00,816,8,25.00750157745084,51.913239047188775,9.075641307510146,1.9760703714978922,40.33508888195639,-3,0.4,0.12838100664728982,2300
frozen_evaporator,2026-01-01T01:09:00+00:00,828,8,24.923353428205054,51.91928657189517,9.005997498075603,1.95400962180257,39.50345697641521,-3,0.4,0.12768151096329178,2300
frozen_evaporator,2026-01-01T01:10:00+00:00,840,8,25.09167757354621,52.044646070364585,9.07386659705096,1.9821178586844534,39.63479766788655,-3,0.4,0.12501496844602056,2300
frozen_evaporator,2026-01-01T01:11:00+00:00,852,8,24.933552326325234,52.060910968980394,8.847326045429092,1.942033252776996,40.95585459328731,-3,0.4,0.11213255690296109,2300
frozen_evaporator,2026-01-01T01:12:00+00:00,864,8,25.02763250246678,51.92484430420703,8.8684527035465,1.9612199508187267,40.1209621460032,-3,0.4,0.12236761631799348,2300
frozen_evaporator,2026-01-01T01:13:00+00:00,876,8,24.917348565510057,52.02247850653807,8.874682440323458,1.9872011115248602,39.6998477514743,-3,0.4,0.1286152050300117,2300
frozen_evaporator,2026-01-01T01:14:00+00:00,888,8,25.060180946987973,51.93901816406381,8.815683478236918,2.0619979916916717,40.92843209848666,-3,0.4,0.12057851393266171,2300
short_cycling,2026-01-01T00:00:00+00:00,0,24.930169834784902,24.964766552966633,51.914487257333505,0,0,0,25,0,0,8
short_cycling,2026-01-01T00:01:00+00:00,12,24.957587552978037,25.045889057887845,51.92361315565099,0,0,0,25,0,0,8
short_cycling,2026-01-01T00:02:00+00:00,24,15.076838565439644,24.971754233066324,51.930184181158225,8.892782746727814,1.9466672167361723,39.35243545698074,7,1,0.11969925460682712,2300
short_cycling,2026-01-01T00:03:00+00:00,36,14.940874672655244,24.939341232683862,52.08006166757682,8.991789370504616,2.030595608568202,40.68087105455858,7,1,0.1259928748969932,2300
short_cycling,2026-01-01T00:04:00+00:00,48,25.088653406802695,25.01190276129954,51.92742688717937,0,0,0,25,0,0,8
short_cycling,2026-01-01T00:05:00+00:00,60,25.082282763236723,24.984450836255533,51.951721802958765,0,0,0,25,0,0,8
short_cycling,2026-01-01T00:06:00+00:00,72,14.986435517156883,25.063784028068344,52.06692278666605,9.002674380862066,2.0375483471381384,39.786172151123175,7,1,0.12964881080829593,2300
short_cycling,2026-01-01T00:07:00+00:00,84,14.91321007124443,25.03185989786087,51.95043870629254,8.90622328887816,2.0458670076078795,39.14889999994835,7,1,0.11410435054164172,2300
short_cycling,2026-01-01T00:08:00+00:00,96,25.082684777491878,25.026179160773815,52.009845629637596,0,0,0,25,0,0,8
short_cycling,2026-01-01T00:09:00+00:00,108,24.95550326939565,24.912411903587202,51.92517476035171,0,0,0,25,0,0,8
short_cycling,2026-01-01T00:10:00+00:00,120,14.91407038167171,24.92242653682745,52.01657819478467,8.889433213444017,2.020212179424095,39.776163894845276,7,1,0.11020923279784267,2300
short_cycling,2026-01-01T00:11:00+00:00,132,14.912515988652912,24.906970877146797,51.95140319048605,9.159420715587189,1.967813906614444,40.494573608977376,7,1,0.11544629325493737,2300
short_cycling,2026-01-01T00:12:00+00:00,144,24.989822771553758,25.07322546568179,52.05555525521152,0,0,0,25,0,0,8
short_cycling,2026-01-01T00:13:00+00:00,156,25.06407371623887,24.984750960936456,52.076567589290036,0,0,0,25,0,0,8
short_cycling,2026-01-01T00:14:00+00:00,168,15.012468653682596,24.908219806676897,51.907625740271655,8.847092406123389,2.019903954052528,40.676408519211456,7,1,0.1210010367406919,2300
short_cycling,2026-01-01T00:15:00+00:00,180,14.90965829088745,25.04871894412932,51.95073050008725,9.193622079105069,2.0171740650064636,40.27847568640049,7,1,0.1232739706182067,2300
short_cycling,2026-01-01T00:16:00+00:00,192,24.903045541301026,25.07600904033695,51.94722185856361,0,0,0,25,0,0,8
short_cycling,2026-01-01T00:17:00+00:00,204,25.088865160023932,25.082881755696604,51.94114468276972,0,0,0,25,0,0,8
short_cycling,2026-01-01T00:18:00+00:00,216,14.998916333306662,24.93690384025448,52.06636716800204,9.177547955986546,1.956745950602354,39.52115016546856,7,1,0.11429428680811661,2300
short_cycling,2026-01-01T00:19:00+00:00,228,15.0400157057997,25.054809671106476,52.03591930446253,8.981561077930118,1.9626028556522848,40.28307764417254,7,1,0.12256553883860262,2300
short_cycling,2026-01-01T00:20:00+00:00,240,25.027460238464805,24.985698654686455,51.97248631887548,0,0,0,25,0,0,8
short_cycling,2026-01-01T00:21:00+00:00,252,24.999635131902423,24.998274445901167,52.072575538955014,0,0,0,25,0,0,8
short_cycling,2026-01-01T00:22:00+00:00,264,14.963418799211354,24.966179253447518,52.01729023303501,9.113686221827555,1.9080102196319078,40.269641773217565,7,1,0.12445353069220394,2300
short_cycling,2026-01-01T00:23:00+00:00,276,15.04588838458079,24.96221251981332,52.072193510584405,8.823911608208059,1.9735131158661245,39.97265694452745,7,1,0.12149926464673377,2300
short_cycling,2026-01-01T00:24:00+00:00,288,24.931230989569112,25.05746950966379,51.96898433160864,0,0,0,25,0,0,8
short_cycling,2026-01-01T00:25:00+00:00,300,25.080914454203526,25.0805509053958,51.90940845200107,0,0,0,25,0,0,8
short_cycling,2026-01-01T00:26:00+00:00,312,15.010674817695197,25.042744884567526,52.0741446288666,8.964712668200603,1.931137292124957,39.53279357281719,7,1,0.11542214268013691,2300
short_cycling,2026-01-01T00:27:00+00:00,324,15.07456066922499,24.912241600888283,51.99896070725685,9.012204202426977,2.007466289601284,40.02662813701692,7,1,0.11041375610881117,2300
short_cycling,2026-01-01T00:28:00+00:00,336,25.002755774410698,25.091216960431723,51.993283455953375,0,0,0,25,0,0,8
short_cycling,2026-01-01T00:29:00+00:00,348,24.94503341166572,24.92184884923835,52.0477274327486,0,0,0,25,0,0,8
short_cycling,2026-01-01T00:30:00+00:00,360,14.91758594635373,25.016316476809884,51.96477338369034,9.13526116085843,2.091752644368736,40.686779806138354,7,1,0.11408619060696967,2300
short_cycling,2026-01-01T00:31:00+00:00,372,14.96456438920487,25.05411619481272,51.97076896023072,8.906644021358186,1.9198911441256514,39.338829249633704,7,1,0.12807710199768846,2300
short_cycling,2026-01-01T00:32:00+00:00,384,24.962157791875303,25.01353619567315,51.91720739259521,0,0,0,25,0,0,8
short_cycling,2026-01-01T00:33:00+00:00,396,24.962183390005613,24.9078467734938,51.93593431944333,0,0,0,25,0,0,8
short_cycling,2026-01-01T00:34:00+00:00,408,15.061146705685745,25.040547963716353,52.0092806967552,9.055006725299368,2.008786319584067,40.93882870347589,7,1,0.11499380126053194,2300
short_cycling,2026-01-01T00:35:00+00:00,420,15.041114794318709,25.063946859538387,52.08898671450681,8.999812041910769,1.931496493511846,39.98875967298418,7,1,0.11599144408145921,2300
short_cycling,2026-01-01T00:36:00+00:00,432,24.92292268220573,25.05138010374917,52.044319874815876,0,0,0,25,0,0,8
short_cycling,2026-01-01T00:37:00+00:00,444,24.989353598685984,24.938629595479263,52.01627459740621,0,0,0,25,0,0,8
short_cycling,2026-01-01T00:38:00+00:00,456,15.015832328026649,24.90119761576579,51.904102440549046,9.19455908420284,1.909076298223249,39.918815417234285,7,1,0.11291657339438245,2300
short_cycling,2026-01-01T00:39:00+00:00,468,15.007387887898812,24.93763538937365,52.02797844905093,8.884890533451879,1.965350027185281,40.8457755748566,7,1,0.12498648792908856,2300
short_cycling,2026-01-01T00:40:00+00:00,480,25.08382593300278,24.98198547796461,52.025424551755684,0,0,0,25,0,0,8
short_cycling,2026-01-01T00:41:00+00:00,492,24.933748411334275,24.91950967870847,51.91804627837867,0,0,0,25,0,0,8
short_cycling,2026-01-01T00:42:00+00:00,504,14.902118026205468,24.97252197305442,52.0306228957381,9.019524014981844,2.0380576065337257,40.08793916228617,7,1,0.12964722812076535,2300
short_cycling,2026-01-01T00:43:00+00:00,516,15.059656323752572,24.99566799660128,51.929976104208706,8.946770171787668,2.0041387508217463,40.36035987929288,7,1,0.1147525855336704,2300
short_cycling,2026-01-01T00:44:00+00:00,528,25.09773613294793,24.901205253878455,51.95246863676103,0,0,0,25,0,0,8
short_cycling,2026-01-01T00:45:00+00:00,540,24.914385610542144,25.07252607774725,51.93603312375276,0,0,0,25,0,0,8
short_cycling,2026-01-01T00:46:00+00:00,552,14.992890575750055,24.91871807008707,51.98597170015154,8.845749110099113,2.0656989728686463,40.357813662311045,7,1,0.11244254464767786,2300
short_cycling,2026-01-01T00:47:00+00:00,564,14.978653495943906,24.90618400934935,51.95839155550273,8.833730413508084,2.015703423645532,40.78100983978439,7,1,0.11467835772686595,2300
short_cycling,2026-01-01T00:48:00+00:00,576,25.018973219251833,24.967918289696097,52.05858989552373,0,0,0,25,0,0,8
short_cycling,2026-01-01T00:49:00+00:00,588,25.061878935481833,24.99091414893457,51.97046078544295,0,0,0,25,0,0,8
short_cycling,2026-01-01T00:50:00+00:00,600,14.958234259147758,25.052490438881126,51.984140532535626,9.05951951171255,2.0609807311743795,40.95630193363969,7,1,0.12352994362107463,2300
short_cycling,2026-01-01T00:51:00+00:00,612,14.967745813253382,24.926712973733327,51.98264112333475,9.140773807686084,2.0335624117188797,40.00427043442589,7,1,0.12155646360405586,2300
short_cycling,2026-01-01T00:52:00+00:00,624,25.04719879760953,24.938841585928873,51.98772277947877,0,0,0,25,0,0,8
short_cycling,2026-01-01T00:53:00+00:00,636,24.950388100231187,24.941857822766625,52.081774179925155,0,0,0,25,0,0,8
short_cycling,2026-01-01T00:54:00+00:00,648,15.042747512444741,25.034579157623483,52.029907526775546,8.98868556501238,1.92835520076512,40.384064314970736,7,1,0.1281805332747058,2300
short_cycling,2026-01-01T00:55:00+00:00,660,15.05931046467991,25.04653759412767,52.06743763992027,8.812248598546157,2.036172586880683,40.433341528910624,7,1,0.12699955566393958,2300
short_cycling,2026-01-01T00:56:00+00:00,672,24.981788624371248,24.960632956616255,51.98898558317021,0,0,0,25,0,0,8
short_cycling,2026-01-01T00:57:00+00:00,684,24.944796297920664,25.05295759145929,51.94380394632019,0,0,0,25,0,0,8
short_cycling,2026-01-01T00:58:00+00:00,696,14.914887012253306,25.046265217858156,51.96356385662843,9.065173726645329,1.9722470895471362,39.41066611231311,7,1,0.11239414940826202,2300
short_cycling,2026-01-01T00:59:00+00:00,708,15.082955188780428,24.91031813537416,51.903501520907824,8.915587862591345,2.093378700576983,39.57927832112513,7,1,0.12740903066670475,2300
short_cycling,2026-01-01T01:00:00+00:00,720,25.006970245260383,24.90300095170068,51.95448765461006,0,0,0,25,0,0,8
short_cycling,2026-01-01T01:01:00+00:00,732,25.041552508551124,24.93825925706908,52.05825396152533,0,0,0,25,0,0,8
short_cycling,2026-01-01T01:02:00+00:00,744,14.93954156684962,24.992351117775183,52.00135967242474,8.94513547326854,2.043264450842822,40.042588589637106,7,1,0.12058523331743022,2300
short_cycling,2026-01-01T01:03:00+00:00,756,15.07987976526845,25.021305325685976,51.96541218046534,9.1275643076931,1.9531953319156299,40.69698641177698,7,1,0.1173167723866654,2300
short_cycling,2026-01-01T01:04:00+00:00,768,25.064082353584762,25.00473604543655,51.971322697552374,0,0,0,25,0,0,8
short_cycling,2026-01-01T01:05:00+00:00,780,24.955202429344922,24.951828561133375,52.00264483187866,0,0,0,25,0,0,8
short_cycling,2026-01-01T01:06:00+00:00,792,15.00091219588538,24.963158002681233,51.99594253724803,9.189194308495674,1.9972497067944228,39.879651617537434,7,1,0.12889634509043257,2300
short_cycling,2026-01-01T01:07:00+00:00,804,15.07172148485534,25.04960998966823,51.91863372717733,9.101414219079857,2.0193983765338626,40.74585482044343,7,1,0.12953582380737302,2300
short_cycling,2026-01-01T01:08:00+00:00,816,24.917453230304968,25.086671793467357,51.92058029379911,0,0,0,25,0,0,8
short_cycling,2026-01-01T01:09:00+00:00,828,24.906882138871268,25.0786467580251,51.993805786782616,0,0,0,25,0,0,8
short_cycling,2026-01-01T01:10:00+00:00,840,14.973532036094236,24.9535691165376,52.05237584110217,8.864851246305719,2.0772156046261614,40.17876030994196,7,1,0.11735355964000596,2300
short_cycling,2026-01-01T01:11:00+00:00,852,15.060173173434722,25.017706599528868,52.0005605110036,9.024185673882299,1.9825396425475605,40.14886665487391,7,1,0.12087175291032155,2300
short_cycling,2026-01-01T01:12:00+00:00,864,24.925410915404537,24.99673521732886,52.03949346867925,0,0,0,25,0,0,8
short_cycling,2026-01-01T01:13:00+00:00,876,24.967477822492082,24.996593255888587,52.002099352418035,0,0,0,25,0,0,8
short_cycling,2026-01-01T01:14:00+00:00,888,15.093304357387916,25.034040847224492,51.94586058756769,8.843426563500312,2.059131992961519,39.673828742984384,7,1,0.12474217581540652,2300
failed_condenser_fan,2026-01-01T00:00:00+00:00,0,24.930169834784902,24.964766552966633,51.914487257333505,0,0,0,25,0,0,8
failed_condenser_fan,2026-01-01T00:01:00+00:00,12,24.957587552978037,25.045889057887845,51.92361315565099,0,0,0,25,0,0,8
failed_condenser_fan,2026-01-01T00:02:00+00:00,24,15.076838565439644,24.971754233066324,51.930184181158225,8.892782746727814,1.9466672167361723,39.35243545698074,7,1,0.11969925460682712,2300
failed_condenser_fan,2026-01-01T00:03:00+00:00,36,14.940874672655244,24.939341232683862,52.08006166757682,8.991789370504616,2.030595608568202,40.68087105455858,7,1,0.1259928748969932,2300
failed_condenser_fan,2026-01-01T00:04:00+00:00,48,15.088653406802697,25.01190276129954,51.92742688717937,8.976847235310018,1.9145092199312976,39.24324390876836,7,1,0.11481277516906539,2300
failed_condenser_fan,2026-01-01T00:05:00+00:00,60,14.986435517156883,25.063784028068344,52.06692278666605,9.002674380862066,2.0375483471381384,39.786172151123175,7,1,0.12964881080829593,2300
failed_condenser_fan,2026-01-01T00:06:00+00:00,72,14.91321007124443,25.03185989786087,51.95043870629254,8.90622328887816,2.0458670076078795,39.14889999994835,7,1,0.11410435054164172,2300
failed_condenser_fan,2026-01-01T00:07:00+00:00,84,15.082684777491878,25.026179160773815,52.009845629637596,8.819790413777428,2.0464704936905,40.439145163902296,7,1,0.11901720845921547,2300
failed_condenser_fan,2026-01-01T00:08:00+00:00,96,14.91407038167171,24.92242653682745,52.01657819478467,8.889433213444017,2.020212179424095,39.776163894845276,7,1,0.11020923279784267,2300
failed_condenser_fan,2026-01-01T00:09:00+00:00,108,14.912515988652912,24.906970877146797,51.95140319048605,9.159420715587189,1.967813906614444,40.494573608977376,7,1,0.11544629325493737,2300
failed_condenser_fan,2026-01-01T00:10:00+00:00,120,14.989822771553758,25.07322546568179,52.05555525521152,8.842312024943404,2.0192294131364017,40.89140416691213,7,1,0.12239895959939057,2300
failed_condenser_fan,2026-01-01T00:11:00+00:00,132,15.012468653682596,24.908219806676897,51.907625740271655,8.847092406123389,2.019903954052528,40.676408519211456,7,1,0.1210010367406919,2300
failed_condenser_fan,2026-01-01T00:12:00+00:00,144,14.90965829088745,25.04871894412932,51.95073050008725,9.193622079105069,2.0171740650064636,40.27847568640049,7,1,0.1232739706182067,2300
failed_condenser_fan,2026-01-01T00:13:00+00:00,156,14.903045541301026,25.07600904033695,51.94722185856361,9.177879158136804,2.049230269960997,40.48775732819403,7,1,0.11653742793082252,2300
failed_condenser_fan,2026-01-01T00:14:00+00:00,168,14.998916333306662,24.93690384025448,52.06636716800204,9.177547955986546,1.956745950602354,39.52115016546856,7,1,0.11429428680811661,2300
failed_condenser_fan,2026-01-01T00:15:00+00:00,180,15.0400157057997,25.054809671106476,52.03591930446253,8.981561077930118,1.9626028556522848,40.28307764417254,7,1,0.12256553883860262,2300
failed_condenser_fan,2026-01-01T00:16:00+00:00,192,15.027460238464805,24.985698654686455,51.97248631887548,9.141778184131118,1.911412574477911,40.85745241199685,7,1,0.12655799754926403,2300
failed_condenser_fan,2026-01-01T00:17:00+00:00,204,14.963418799211354,24.966179253447518,52.01729023303501,9.113686221827555,1.9080102196319078,40.269641773217565,7,1,0.12445353069220394,2300
failed_condenser_fan,2026-01-01T00:18:00+00:00,216,15.04588838458079,24.96221251981332,52.072193510584405,8.823911608208059,1.9735131158661245,39.97265694452745,7,1,0.12149926464673377,2300
failed_condenser_fan,2026-01-01T00:19:00+00:00,228,14.931230989569112,25.05746950966379,51.96898433160864,8.808228043002142,1.906715815074211,40.038913631545554,7,1,0.12980809284311093,2300
failed_condenser_fan,2026-01-01T00:20:00+00:00,240,15.010674817695197,25.042744884567526,52.0741446288666,8.964712668200603,1.931137292124957,39.53279357281719,7,1,0.11542214268013691,2300
failed_condenser_fan,2026-01-01T00:21:00+00:00,252,15.07456066922499,24.912241600888283,51.99896070725685,9.012204202426977,2.007466289601284,40.02662813701692,7,1,0.11041375610881117,2300
failed_condenser_fan,2026-01-01T00:22:00+00:00,264,15.002755774410696,25.091216960431723,51.993283455953375,8.8593629343509,1.924784009921003,40.06766298311839,7,1,0.11262738598662472,2300
failed_condenser_fan,2026-01-01T00:23:00+00:00,276,14.91758594635373,25.016316476809884,51.96477338369034,9.13526116085843,2.091752644368736,40.686779806138354,7,1,0.11408619060696967,2300
failed_condenser_fan,2026-01-01T00:24:00+00:00,288,14.96456438920487,25.05411619481272,51.97076896023072,8.906644021358186,1.9198911441256514,39.338829249633704,7,1,0.12807710199768846,2300
failed_condenser_fan,2026-01-01T00:25:00+00:00,300,14.962157791875303,25.01353619567315,51.91720739259521,9.14040100345482,1.964207431954614,39.354094397666124,7,1,0.12325497610737692,2300
failed_condenser_fan,2026-01-01T00:26:00+00:00,312,15.061146705685745,25.040547963716353,52.0092806967552,9.055006725299368,2.008786319584067,40.93882870347589,7,1,0.11499380126053194,2300
failed_condenser_fan,2026-01-01T00:27:00+00:00,324,15.041114794318709,25.063946859538387,52.08898671450681,8.999812041910769,1.931496493511846,39.98875967298418,7,1,0.11599144408145921,2300
failed_condenser_fan,2026-01-01T00:28:00+00:00,336,14.922922682205728,25.05138010374917,52.044319874815876,9.132084291237478,1.9783925496701893,39.20418641656619,7,1,0.11342510371922859,2300
failed_condenser_fan,2026-01-01T00:29:00+00:00,348,15.015832328026649,24.90119761576579,51.904102440549046,9.19455908420284,1.909076298223249,39.918815417234285,7,1,0.11291657339438245,2300
failed_condenser_fan,2026-01-01T00:30:00+00:00,360,25.007387887898812,24.93763538937365,52.02797844905093,0,0,0,25,0,0,8
failed_condenser_fan,2026-01-01T00:31:00+00:00,372,25.095476968148894,25.05452119044884,51.955652556361784,0,0,0,25,0,0,8
failed_condenser_fan,2026-01-01T00:32:00+00:00,384,15.08382593300278,24.98198547796461,52.025424551755684,8.900771507682697,1.9524641598899128,39.4481655661867,7,1,0.1186758897068842,2300
failed_condenser_fan,2026-01-01T00:33:00+00:00,396,14.902118026205468,24.97252197305442,52.0306228957381,9.019524014981844,2.0380576065337257,40.08793916228617,7,1,0.12964722812076535,2300
failed_condenser_fan,2026-01-01T00:34:00+00:00,408,15.059656323752572,24.99566799660128,51.929976104208706,8.946770171787668,2.0041387508217463,40.36035987929288,7,1,0.1147525855336704,2300
failed_condenser_fan,2026-01-01T00:35:00+00:00,420,15.09773613294793,24.901205253878455,51.95246863676103,8.902009560656413,2.0717756633442286,39.62608108496255,7,1,0.12111387452405431,2300
failed_condenser_fan,2026-01-01T00:36:00+00:00,432,14.992890575750055,24.91871807008707,51.98597170015154,8.845749110099113,2.0656989728686463,40.357813662311045,7,1,0.11244254464767786,2300
failed_condenser_fan,2026-01-01T00:37:00+00:00,444,14.978653495943906,24.90618400934935,51.95839155550273,8.833730413508084,2.015703423645532,40.78100983978439,7,1,0.11467835772686595,2300
failed_condenser_fan,2026-01-01T00:38:00+00:00,456,15.018973219251832,24.967918289696097,52.05858989552373,8.995621197235076,1.9032707139119378,39.00899069458947,7,1,0.11221194295260355,2300
failed_condenser_fan,2026-01-01T00:39:00+00:00,468,14.958234259147758,25.052490438881126,51.984140532535626,9.05951951171255,2.0609807311743795,40.95630193363969,7,1,0.12352994362107463,2300
failed_condenser_fan,2026-01-01T00:40:00+00:00,480,14.967745813253382,24.926712973733327,51.98264112333475,9.140773807686084,2.0335624117188797,40.00427043442589,7,1,0.12155646360405586,2300
failed_condenser_fan,2026-01-01T00:41:00+00:00,492,15.047198797609528,24.938841585928873,51.98772277947877,9.08149479551037,1.939346503873641,39.39540785238501,7,1,0.11531214016693435,2300
failed_condenser_fan,2026-01-01T00:42:00+00:00,504,15.042747512444741,25.034579157623483,52.029907526775546,8.98868556501238,1.92835520076512,40.384064314970736,7,1,0.1281805332747058,2300
failed_condenser_fan,2026-01-01T00:43:00+00:00,516,15.05931046467991,25.04653759412767,52.06743763992027,8.812248598546157,2.036172586880683,40.433341528910624,7,1,0.12699955566393958,2300
failed_condenser_fan,2026-01-01T00:44:00+00:00,528,14.981788624371248,24.960632956616255,51.98898558317021,8.837937706295573,2.086461851687181,40.45662563857533,7,1,0.11684692208807049,2300
failed_condenser_fan,2026-01-01T00:45:00+00:00,540,14.914887012253306,25.046265217858156,51.96356385662843,9.065173726645329,1.9722470895471362,39.41066611231311,7,1,0.11239414940826202,2300
failed_condenser_fan,2026-01-01T00:46:00+00:00,552,15.082955188780428,24.91031813537416,51.903501520907824,8.915587862591345,2.093378700576983,39.57927832112513,7,1,0.12740903066670475,2300
failed_condenser_fan,2026-01-01T00:47:00+00:00,564,15.006970245260383,24.90300095170068,51.95448765461006,8.801899888626012,1.9346434922304456,39.140102249360034,7,1,0.12391772452725776,2300
failed_condenser_fan,2026-01-01T00:48:00+00:00,576,14.93954156684962,24.992351117775183,52.00135967242474,8.94513547326854,2.043264450842822,40.042588589637106,7,1,0.12058523331743022,2300
failed_condenser_fan,2026-01-01T00:49:00+00:00,588,15.07987976526845,25.021305325685976,51.96541218046534,9.1275643076931,1.9531953319156299,40.69698641177698,7,1,0.1173167723866654,2300
failed_condenser_fan,2026-01-01T00:50:00+00:00,600,15.064082353584762,25.00473604543655,51.971322697552374,9.097925998579813,2.0603448213007773,39.444655772952835,7,1,0.11438016017775605,2300
failed_condenser_fan,2026-01-01T00:51:00+00:00,612,15.00091219588538,24.963158002681233,51.99594253724803,9.189194308495674,1.9972497067944228,39.879651617537434,7,1,0.12889634509043257,2300
failed_condenser_fan,2026-01-01T00:52:00+00:00,624,15.07172148485534,25.04960998966823,51.91863372717733,9.101414219079857,2.0193983765338626,40.74585482044343,7,1,0.12953582380737302,2300
failed_condenser_fan,2026-01-01T00:53:00+00:00,636,14.917453230304966,25.086671793467357,51.92058029379911,8.845475395340166,2.0742533466746913,39.553271858044155,7,1,0.11883595643678194,2300
failed_condenser_fan,2026-01-01T00:54:00+00:00,648,14.973532036094236,24.9535691165376,52.05237584110217,8.864851246305719,2.0772156046261614,40.17876030994196,7,1,0.11735355964000596,2300
failed_condenser_fan,2026-01-01T00:55:00+00:00,660,15.060173173434722,25.017706599528868,52.0005605110036,9.024185673882299,1.9825396425475605,40.14886665487391,7,1,0.12087175291032155,2300
failed_condenser_fan,2026-01-01T00:56:00+00:00,672,14.92541091540454,24.99673521732886,52.03949346867925,9.190519641993944,1.9090452027163478,40.15628282703467,7,1,0.12430548307156761,2300
failed_condenser_fan,2026-01-01T00:57:00+00:00,684,15.093304357387916,25.034040847224492,51.94586058756769,8.843426563500312,2.059131992961519,39.673828742984384,7,1,0.12474217581540652,2300
failed_condenser_fan,2026-01-01T00:58:00+00:00,696,15.098598567959627,24.988085321990905,51.992371132777905,8.80085669179999,1.918700927354387,39.42501526613767,7,1,0.11181958245990002,2300
failed_condenser_fan,2026-01-01T00:59:00+00:00,708,14.953514803657537,25.045618248205784,51.93543903515594,9.008285600016613,1.9031509423532977,40.65575089975494,7,1,0.1278053151413454,2300
failed_condenser_fan,2026-01-01T01:00:00+00:00,720,24.958411755669456,25.05544574137021,52.05727295275159,0,0,0,25,0,0,8
failed_condenser_fan,2026-01-01T01:01:00+00:00,732,25.067783794660187,24.920220668703184,51.91009822815274,0,0,0,25,0,0,8
failed_condenser_fan,2026-01-01T01:02:00+00:00,744,14.91597040397673,25.07294762152195,52.07612550769882,8.805313662466045,2.02540784848965,40.95649701370145,7,1,0.12264085056749124,2300
failed_condenser_fan,2026-01-01T01:03:00+00:00,756,14.948196264077362,24.950375486293396,51.90938181961072,8.839034415910048,2.088910713279747,40.48438760603147,7,1,0.11816449959655298,2300
failed_condenser_fan,2026-01-01T01:04:00+00:00,768,14.931134182054022,24.934059998525065,51.94240352433683,8.840989662780212,1.9309556829087764,39.67312852836888,7,1,0.12434085630638855,2300
failed_condenser_fan,2026-01-01T01:05:00+00:00,780,15.06995349397997,24.98272800629136,52.0172573915286,8.921935762853627,1.9982965132828678,39.47560363023554,7,1,0.1179015866007313,2300
failed_condenser_fan,2026-01-01T01:06:00+00:00,792,15.060681683493115,24.969214017918027,52.0117057710321,9.174200133593946,1.903723041009716,40.54811469150925,7,1,0.11541446027101378,2300
failed_condenser_fan,2026-01-01T01:07:00+00:00,804,14.956482242327358,24.965069767004756,52.02769743173634,8.951939125724156,2.0843226583146923,39.96125077163703,7,1,0.12878788860420592,2300
failed_condenser_fan,2026-01-01T01:08:00+00:00,816,15.006581752116633,25.00750157745084,51.913239047188775,9.075641307510146,1.9760703714978922,40.33508888195639,7,1,0.12838100664728982,2300
failed_condenser_fan,2026-01-01T01:09:00+00:00,828,15.050243883712513,24.923353428205054,51.91928657189517,9.005997498075603,1.95400962180257,39.50345697641521,7,1,0.12768151096329178,2300
failed_condenser_fan,2026-01-01T01:10:00+00:00,840,14.92047144053943,25.09167757354621,52.044646070364585,9.07386659705096,1.9821178586844534,39.63479766788655,7,1,0.12501496844602056,2300
failed_condenser_fan,2026-01-01T01:11:00+00:00,852,14.968816905551526,24.933552326325234,52.060910968980394,8.847326045429092,1.942033252776996,40.95585459328731,7,1,0.11213255690296109,2300
failed_condenser_fan,2026-01-01T01:12:00+00:00,864,14.96851567900629,25.02763250246678,51.92484430420703,8.8684527035465,1.9612199508187267,40.1209621460032,7,1,0.12236761631799348,2300
failed_condenser_fan,2026-01-01T01:13:00+00:00,876,15.096956608859948,24.917348565510057,52.02247850653807,8.874682440323458,1.9872011115248602,39.6998477514743,7,1,0.1286152050300117,2300
failed_condenser_fan,2026-01-01T01:14:00+00:00,888,14.961032789391894,25.060180946987973,51.93901816406381,8.815683478236918,2.0619979916916717,40.92843209848666,7,1,0.12057851393266171,2300
blower_degradation,2026-01-01T00:00:00+00:00,0,24.930169834784902,24.964766552966633,51.914487257333505,0,0,0,25,0,0,8
blower_degradation,2026-01-01T00:01:00+00:00,12,24.957587552978037,25.045889057887845,51.92361315565099,0,0,0,25,0,0,8
blower_degradation,2026-01-01T00:02:00+00:00,24,15.076838565439644,24.971754233066324,51.930184181158225,8.892782746727814,1.9466672167361723,39.35243545698074,7,1,0.11969925460682712,2300
blower_degradation,2026-01-01T00:03:00+00:00,36,14.940874672655244,24.939341232683862,52.08006166757682,8.991789370504616,2.030595608568202,40.68087105455858,7,1,0.1259928748969932,2300
blower_degradation,2026-01-01T00:04:00+00:00,48,15.088653406802697,25.01190276129954,51.92742688717937,8.976847235310018,1.9145092199312976,39.24324390876836,7,1,0.11481277516906539,2300
blower_degradation,2026-01-01T00:05:00+00:00,60,14.986435517156883,25.063784028068344,52.06692278666605,9.002674380862066,2.0375483471381384,39.786172151123175,7,1,0.12964881080829593,2300
blower_degradation,2026-01-01T00:06:00+00:00,72,14.91321007124443,25.03185989786087,51.95043870629254,8.90622328887816,2.0458670076078795,39.14889999994835,7,1,0.11410435054164172,2300
blower_degradation,2026-01-01T00:07:00+00:00,84,15.082684777491878,25.026179160773815,52.009845629637596,8.819790413777428,2.0464704936905,40.439145163902296,7,1,0.11901720845921547,2300
blower_degradation,2026-01-01T00:08:00+00:00,96,14.91407038167171,24.92242653682745,52.01657819478467,8.889433213444017,2.020212179424095,39.776163894845276,7,1,0.11020923279784267,2300
blower_degradation,2026-01-01T00:09:00+00:00,108,14.912515988652912,24.906970877146797,51.95140319048605,9.159420715587189,1.967813906614444,40.494573608977376,7,1,0.11544629325493737,2300
blower_degradation,2026-01-01T00:10:00+00:00,120,14.989822771553758,25.07322546568179,52.05555525521152,8.842312024943404,1.2,40.89140416691213,7,0.45,0.12239895959939057,2300
blower_degradation,2026-01-01T00:11:00+00:00,132,15.012468653682596,24.908219806676897,51.907625740271655,8.847092406123389,1.2,40.676408519211456,7,0.45,0.1210010367406919,2300
blower_degradation,2026-01-01T00:12:00+00:00,144,14.90965829088745,25.04871894412932,51.95073050008725,9.193622079105069,1.2,40.27847568640049,7,0.45,0.1232739706182067,2300
blower_degradation,2026-01-01T00:13:00+00:00,156,14.903045541301026,25.07600904033695,51.94722185856361,9.177879158136804,1.2,40.48775732819403,7,0.45,0.11653742793082252,2300
blower_degradation,2026-01-01T00:14:00+00:00,168,14.998916333306662,24.93690384025448,52.06636716800204,9.177547955986546,1.2,39.52115016546856,7,0.45,0.11429428680811661,2300
blower_degradation,2026-01-01T00:15:00+00:00,180,15.0400157057997,25.054809671106476,52.03591930446253,8.981561077930118,1.2,40.28307764417254,7,0.45,0.12256553883860262,2300
blower_degradation,2026-01-01T00:16:00+00:00,192,15.027460238464805,24.985698654686455,51.97248631887548,9.141778184131118,1.2,40.85745241199685,7,0.45,0.12655799754926403,2300
blower_degradation,2026-01-01T00:17:00+00:00,204,14.963418799211354,24.966179253447518,52.01729023303501,9.113686221827555,1.2,40.269641773217565,7,0.45,0.12445353069220394,2300
blower_degradation,2026-01-01T00:18:00+00:00,216,15.04588838458079,24.96221251981332,52.072193510584405,8.823911608208059,1.2,39.97265694452745,7,0.45,0.12149926464673377,2300
blower_degradation,2026-01-01T00:19:00+00:00,228,14.931230989569112,25.05746950966379,51.96898433160864,8.808228043002142,1.2,40.038913631545554,7,0.45,0.12980809284311093,2300
blower_degradation,2026-01-01T00:20:00+00:00,240,15.010674817695197,25.042744884567526,52.0741446288666,8.964712668200603,1.2,39.53279357281719,7,0.45,0.11542214268013691,2300
blower_degradation,2026-01-01T00:21:00+00:00,252,15.07456066922499,24.912241600888283,51.99896070725685,9.012204202426977,1.2,40.02662813701692,7,0.45,0.11041375610881117,2300
blower_degradation,2026-01-01T00:22:00+00:00,264,15.002755774410696,25.091216960431723,51.993283455953375,8.8593629343509,1.2,40.06766298311839,7,0.45,0.11262738598662472,2300
blower_degradation,2026-01-01T00:23:00+00:00,276,14.91758594635373,25.016316476809884,51.96477338369034,9.13526116085843,1.2,40.686779806138354,7,0.45,0.11408619060696967,2300
blower_degradation,2026-01-01T00:24:00+00:00,288,14.96456438920487,25.05411619481272,51.97076896023072,8.906644021358186,1.2,39.338829249633704,7,0.45,0.12807710199768846,2300
blower_degradation,2026-01-01T00:25:00+00:00,300,14.962157791875303,25.01353619567315,51.91720739259521,9.14040100345482,1.2,39.354094397666124,7,0.45,0.12325497610737692,2300
blower_degradation,2026-01-01T00:26:00+00:00,312,15.061146705685745,25.040547963716353,52.0092806967552,9.055006725299368,1.2,40.93882870347589,7,0.45,0.11499380126053194,2300
blower_degradation,2026-01-01T00:27:00+00:00,324,15.041114794318709,25.063946859538387,52.08898671450681,8.999812041910769,1.2,39.98875967298418,7,0.45,0.11599144408145921,2300
blower_degradation,2026-01-01T00:28:00+00:00,336,14.922922682205728,25.05138010374917,52.044319874815876,9.132084291237478,1.2,39.20418641656619,7,0.45,0.11342510371922859,2300
blower_degradation,2026-01-01T00:29:00+00:00,348,15.015832328026649,24.90119761576579,51.904102440549046,9.19455908420284,1.2,39.918815417234285,7,0.45,0.11291657339438245,2300
blower_degradation,2026-01-01T00:30:00+00:00,360,25.007387887898812,24.93763538937365,52.02797844905093,0,0,0,25,0,0,8
blower_degradation,2026-01-01T00:31:00+00:00,372,25.095476968148894,25.05452119044884,51.955652556361784,0,0,0,25,0,0,8
blower_degradation,2026-01-01T00:32:00+00:00,384,15.08382593300278,24.98198547796461,52.025424551755684,8.900771507682697,1.2,39.4481655661867,7,0.45,0.1186758897068842,2300
blower_degradation,2026-01-01T00:33:00+00:00,396,14.902118026205468,24.97252197305442,52.0306228957381,9.019524014981844,1.2,40.08793916228617,7,0.45,0.12964722812076535,2300
blower_degradation,2026-01-01T00:34:00+00:00,408,15.059656323752572,24.99566799660128,51.929976104208706,8.946770171787668,1.2,40.36035987929288,7,0.45,0.1147525855336704,2300
blower_degradation,2026-01-01T00:35:00+00:00,420,15.09773613294793,24.901205253878455,51.95246863676103,8.902009560656413,1.2,39.62608108496255,7,0.45,0.12111387452405431,2300
blower_degradation,2026-01-01T00:36:00+00:00,432,14.992890575750055,24.91871807008707,51.98597170015154,8.845749110099113,1.2,40.357813662311045,7,0.45,0.11244254464767786,2300
blower_degradation,2026-01-01T00:37:00+00:00,444,14.978653495943906,24.90618400934935,51.95839155550273,8.833730413508084,1.2,40.78100983978439,7,0.45,0.11467835772686595,2300
blower_degradation,2026-01-01T00:38:00+00:00,456,15.018973219251832,24.967918289696097,52.05858989552373,8.995621197235076,1.2,39.00899069458947,7,0.45,0.11221194295260355,2300
blower_degradation,2026-01-01T00:39:00+00:00,468,14.958234259147758,25.052490438881126,51.984140532535626,9.05951951171255,1.2,40.95630193363969,7,0.45,0.12352994362107463,2300
blower_degradation,2026-01-01T00:40:00+00:00,480,14.967745813253382,24.926712973733327,51.98264112333475,9.140773807686084,1.2,40.00427043442589,7,0.45,0.12155646360405586,2300
blower_degradation,2026-01-01T00:41:00+00:00,492,15.047198797609528,24.938841585928873,51.98772277947877,9.08149479551037,1.2,39.39540785238501,7,0.45,0.11531214016693435,2300
blower_degradation,2026-01-01T00:42:00+00:00,504,15.042747512444741,25.034579157623483,52.029907526775546,8.98868556501238,1.2,40.384064314970736,7,0.45,0.1281805332747058,2300
blower_degradation,2026-01-01T00:43:00+00:00,516,15.05931046467991,25.04653759412767,52.06743763992027,8.812248598546157,1.2,40.433341528910624,7,0.45,0.12699955566393958,2300
blower_degradation,2026-01-01T00:44:00+00:00,528,14.981788624371248,24.960632956616255,51.98898558317021,8.837937706295573,1.2,40.45662563857533,7,0.45,0.11684692208807049,2300
blower_degradation,2026-01-01T00:45:00+00:00,540,14.914887012253306,25.046265217858156,51.96356385662843,9.065173726645329,1.2,39.41066611231311,7,0.45,0.11239414940826202,2300
blower_degradation,2026-01-01T00:46:00+00:00,552,15.082955188780428,24.91031813537416,51.903501520907824,8.915587862591345,1.2,39.57927832112513,7,0.45,0.12740903066670475,2300
blower_degradation,2026-01-01T00:47:00+00:00,564,15.006970245260383,24.90300095170068,51.95448765461006,8.801899888626012,1.2,39.140102249360034,7,0.45,0.12391772452725776,2300
blower_degradation,2026-01-01T00:48:00+00:00,576,14.93954156684962,24.992351117775183,52.00135967242474,8.94513547326854,1.2,40.042588589637106,7,0.45,0.12058523331743022,2300
blower_degradation,2026-01-01T00:49:00+00:00,588,15.07987976526845,25.021305325685976,51.96541218046534,9.1275643076931,1.2,40.69698641177698,7,0.45,0.1173167723866654,2300
blower_degradation,2026-01-01T00:50:00+00:00,600,15.064082353584762,25.00473604543655,51.971322697552374,9.097925998579813,1.2,39.444655772952835,7,0.45,0.11438016017775605,2300
blower_degradation,2026-01-01T00:51:00+00:00,612,15.00091219588538,24.963158002681233,51.99594253724803,9.189194308495674,1.2,39.879651617537434,7,0.45,0.12889634509043257,2300
blower_degradation,2026-01-01T00:52:00+00:00,624,15.07172148485534,25.04960998966823,51.91863372717733,9.101414219079857,1.2,40.74585482044343,7,0.45,0.12953582380737302,2300
blower_degradation,2026-01-01T00:53:00+00:00,636,14.917453230304966,25.086671793467357,51.92058029379911,8.845475395340166,1.2,39.553271858044155,7,0.45,0.11883595643678194,2300
blower_degradation,2026-01-01T00:54:00+00:00,648,14.973532036094236,24.9535691165376,52.05237584110217,8.864851246305719,1.2,40.17876030994196,7,0.45,0.11735355964000596,2300
blower_degradation,2026-01-01T00:55:00+00:00,660,15.060173173434722,25.017706599528868,52.0005605110036,9.024185673882299,1.2,40.14886665487391,7,0.45,0.12087175291032155,2300
blower_degradation,2026-01-01T00:56:00+00:00,672,14.92541091540454,24.99673521732886,52.03949346867925,9.190519641993944,1.2,40.15628282703467,7,0.45,0.12430548307156761,2300
blower_degradation,2026-01-01T00:57:00+00:00,684,15.093304357387916,25.034040847224492,51.94586058756769,8.843426563500312,1.2,39.673828742984384,7,0.45,0.12474217581540652,2300
blower_degradation,2026-01-01T00:58:00+00:00,696,15.098598567959627,24.988085321990905,51.992371132777905,8.80085669179999,1.2,39.42501526613767,7,0.45,0.11181958245990002,2300
blower_degradation,2026-01-01T00:59:00+00:00,708,14.953514803657537,25.045618248205784,51.93543903515594,9.008285600016613,1.2,40.65575089975494,7,0.45,0.1278053151413454,2300
blower_degradation,2026-01-01T01:00:00+00:00,720,24.958411755669456,25.05544574137021,52.05727295275159,0,0,0,25,0,0,8
blower_degradation,2026-01-01T01:01:00+00:00,732,25.067783794660187,24.920220668703184,51.91009822815274,0,0,0,25,0,0,8
blower_degradation,2026-01-01T01:02:00+00:00,744,14.91597040397673,25.07294762152195,52.07612550769882,8.805313662466045,1.2,40.95649701370145,7,0.45,0.12264085056749124,2300
blower_degradation,2026-01-01T01:03:00+00:00,756,14.948196264077362,24.950375486293396,51.90938181961072,8.839034415910048,1.2,40.48438760603147,7,0.45,0.11816449959655298,2300
blower_degradation,2026-01-01T01:04:00+00:00,768,14.931134182054022,24.934059998525065,51.94240352433683,8.840989662780212,1.2,39.67312852836888,7,0.45,0.12434085630638855,2300
blower_degradation,2026-01-01T01:05:00+00:00,780,15.06995349397997,24.98272800629136,52.0172573915286,8.921935762853627,1.2,39.47560363023554,7,0.45,0.1179015866007313,2300
blower_degradation,2026-01-01T01:06:00+00:00,792,15.060681683493115,24.969214017918027,52.0117057710321,9.174200133593946,1.2,40.54811469150925,7,0.45,0.11541446027101378,2300
blower_degradation,2026-01-01T01:07:00+00:00,804,14.956482242327358,24.965069767004756,52.02769743173634,8.951939125724156,1.2,39.96125077163703,7,0.45,0.12878788860420592,2300
blower_degradation,2026-01-01T01:08:00+00:00,816,15.006581752116633,25.00750157745084,51.913239047188775,9.075641307510146,1.2,40.33508888195639,7,0.45,0.12838100664728982,2300
blower_degradation,2026-01-01T01:09:00+00:00,828,15.050243883712513,24.923353428205054,51.91928657189517,9.005997498075603,1.2,39.50345697641521,7,0.45,0.12768151096329178,2300
blower_degradation,2026-01-01T01:10:00+00:00,840,14.92047144053943,25.09167757354621,52.044646070364585,9.07386659705096,1.2,39.63479766788655,7,0.45,0.12501496844602056,2300
blower_degradation,2026-01-01T01:11:00+00:00,852,14.968816905551526,24.933552326325234,52.060910968980394,8.847326045429092,1.2,40.95585459328731,7,0.45,0.11213255690296109,2300
blower_degradation,2026-01-01T01:12:00+00:00,864,14.96851567900629,25.02763250246678,51.92484430420703,8.8684527035465,1.2,40.1209621460032,7,0.45,0.12236761631799348,2300
blower_degradation,2026-01-01T01:13:00+00:00,876,15.096956608859948,24.917348565510057,52.02247850653807,8.874682440323458,1.2,39.6998477514743,7,0.45,0.1286152050300117,2300
blower_degradation,2026-01-01T01:14:00+00:00,888,14.961032789391894,25.060180946987973,51.93901816406381,8.815683478236918,1.2,40.92843209848666,7,0.45,0.12057851393266171,2300
compressor_current_anomaly,2026-01-01T00:00:00+00:00,0,24.930169834784902,24.964766552966633,51.914487257333505,0,0,0,25,0,0,8
compressor_current_anomaly,2026-01-01T00:01:00+00:00,12,24.957587552978037,25.045889057887845,51.92361315565099,0,0,0,25,0,0,8
compressor_current_anomaly,2026-01-01T00:02:00+00:00,24,15.076838565439644,24.971754233066324,51.930184181158225,8.892782746727814,1.9466672167361723,39.35243545698074,7,1,0.11969925460682712,2300
compressor_current_anomaly,2026-01-01T00:03:00+00:00,36,14.940874672655244,24.939341232683862,52.08006166757682,8.991789370504616,2.030595608568202,40.68087105455858,7,1,0.1259928748969932,2300
compressor_current_anomaly,2026-01-01T00:04:00+00:00,48,15.088653406802697,25.01190276129954,51.92742688717937,8.976847235310018,1.9145092199312976,39.24324390876836,7,1,0.11481277516906539,2300
compressor_current_anomaly,2026-01-01T00:05:00+00:00,60,14.986435517156883,25.063784028068344,52.06692278666605,9.002674380862066,2.0375483471381384,39.786172151123175,7,1,0.12964881080829593,2300
compressor_current_anomaly,2026-01-01T00:06:00+00:00,72,14.91321007124443,25.03185989786087,51.95043870629254,8.90622328887816,2.0458670076078795,39.14889999994835,7,1,0.11410435054164172,2300
compressor_current_anomaly,2026-01-01T00:07:00+00:00,84,15.082684777491878,25.026179160773815,52.009845629637596,8.819790413777428,2.0464704936905,40.439145163902296,7,1,0.11901720845921547,2300
compressor_current_anomaly,2026-01-01T00:08:00+00:00,96,14.91407038167171,24.92242653682745,52.01657819478467,8.889433213444017,2.020212179424095,39.776163894845276,7,1,0.11020923279784267,2300
compressor_current_anomaly,2026-01-01T00:09:00+00:00,108,14.912515988652912,24.906970877146797,51.95140319048605,9.159420715587189,1.967813906614444,40.494573608977376,7,1,0.11544629325493737,2300
compressor_current_anomaly,2026-01-01T00:10:00+00:00,120,14.989822771553758,25.07322546568179,52.05555525521152,14,2.0192294131364017,40.89140416691213,7,1,0.4,3300
compressor_current_anomaly,2026-01-01T00:11:00+00:00,132,15.012468653682596,24.908219806676897,51.907625740271655,14,2.019903954052528,40.676408519211456,7,1,0.4,3300
compressor_current_anomaly,2026-01-01T00:12:00+00:00,144,14.90965829088745,25.04871894412932,51.95073050008725,14,2.0171740650064636,40.27847568640049,7,1,0.4,3300
compressor_current_anomaly,2026-01-01T00:13:00+00:00,156,14.903045541301026,25.07600904033695,51.94722185856361,14,2.049230269960997,40.48775732819403,7,1,0.4,3300
compressor_current_anomaly,2026-01-01T00:14:00+00:00,168,14.998916333306662,24.93690384025448,52.06636716800204,14,1.956745950602354,39.52115016546856,7,1,0.4,3300
compressor_current_anomaly,2026-01-01T00:15:00+00:00,180,15.0400157057997,25.054809671106476,52.03591930446253,14,1.9626028556522848,40.28307764417254,7,1,0.4,3300
compressor_current_anomaly,2026-01-01T00:16:00+00:00,192,15.027460238464805,24.985698654686455,51.97248631887548,14,1.911412574477911,40.85745241199685,7,1,0.4,3300
compressor_current_anomaly,2026-01-01T00:17:00+00:00,204,14.963418799211354,24.966179253447518,52.01729023303501,14,1.9080102196319078,40.269641773217565,7,1,0.4,3300
compressor_current_anomaly,2026-01-01T00:18:00+00:00,216,15.04588838458079,24.96221251981332,52.072193510584405,14,1.9735131158661245,39.97265694452745,7,1,0.4,3300
compressor_current_anomaly,2026-01-01T00:19:00+00:00,228,14.931230989569112,25.05746950966379,51.96898433160864,14,1.906715815074211,40.038913631545554,7,1,0.4,3300
compressor_current_anomaly,2026-01-01T00:20:00+00:00,240,15.010674817695197,25.042744884567526,52.0741446288666,14,1.931137292124957,39.53279357281719,7,1,0.4,3300
compressor_current_anomaly,2026-01-01T00:21:00+00:00,252,15.07456066922499,24.912241600888283,51.99896070725685,14,2.007466289601284,40.02662813701692,7,1,0.4,3300
compressor_current_anomaly,2026-01-01T00:22:00+00:00,264,15.002755774410696,25.091216960431723,51.993283455953375,14,1.924784009921003,40.06766298311839,7,1,0.4,3300
compressor_current_anomaly,2026-01-01T00:23:00+00:00,276,14.91758594635373,25.016316476809884,51.96477338369034,14,2.091752644368736,40.686779806138354,7,1,0.4,3300
compressor_current_anomaly,2026-01-01T00:24:00+00:00,288,14.96456438920487,25.05411619481272,51.97076896023072,14,1.9198911441256514,39.338829249633704,7,1,0.4,3300
compressor_current_anomaly,2026-01-01T00:25:00+00:00,300,14.962157791875303,25.01353619567315,51.91720739259521,14,1.964207431954614,39.354094397666124,7,1,0.4,3300
compressor_current_anomaly,2026-01-01T00:26:00+00:00,312,15.061146705685745,25.040547963716353,52.0092806967552,14,2.008786319584067,40.93882870347589,7,1,0.4,3300
compressor_current_anomaly,2026-01-01T00:27:00+00:00,324,15.041114794318709,25.063946859538387,52.08898671450681,14,1.931496493511846,39.98875967298418,7,1,0.4,3300
compressor_current_anomaly,2026-01-01T00:28:00+00:00,336,14.922922682205728,25.05138010374917,52.044319874815876,14,1.9783925496701893,39.20418641656619,7,1,0.4,3300
compressor_current_anomaly,2026-01-01T00:29:00+00:00,348,15.015832328026649,24.90119761576579,51.904102440549046,14,1.909076298223249,39.918815417234285,7,1,0.4,3300
compressor_current_anomaly,2026-01-01T00:30:00+00:00,360,25.007387887898812,24.93763538937365,52.02797844905093,0,0,0,25,0,0,8
compressor_current_anomaly,2026-01-01T00:31:00+00:00,372,25.095476968148894,25.05452119044884,51.955652556361784,0,0,0,25,0,0,8
compressor_current_anomaly,2026-01-01T00:32:00+00:00,384,15.08382593300278,24.98198547796461,52.025424551755684,14,1.9524641598899128,39.4481655661867,7,1,0.4,3300
compressor_current_anomaly,2026-01-01T00:33:00+00:00,396,14.902118026205468,24.97252197305442,52.0306228957381,14,2.0380576065337257,40.08793916228617,7,1,0.4,3300
compressor_current_anomaly,2026-01-01T00:34:00+00:00,408,15.059656323752572,24.99566799660128,51.929976104208706,14,2.0041387508217463,40.36035987929288,7,1,0.4,3300
compressor_current_anomaly,2026-01-01T00:35:00+00:00,420,15.09773613294793,24.901205253878455,51.95246863676103,14,2.0717756633442286,39.62608108496255,7,1,0.4,3300
compressor_current_anomaly,2026-01-01T00:36:00+00:00,432,14.992890575750055,24.91871807008707,51.98597170015154,14,2.0656989728686463,40.357813662311045,7,1,0.4,3300
compressor_current_anomaly,2026-01-01T00:37:00+00:00,444,14.978653495943906,24.90618400934935,51.95839155550273,14,2.015703423645532,40.78100983978439,7,1,0.4,3300
compressor_current_anomaly,2026-01-01T00:38:00+00:00,456,15.018973219251832,24.967918289696097,52.05858989552373,14,1.9032707139119378,39.00899069458947,7,1,0.4,3300
compressor_current_anomaly,2026-01-01T00:39:00+00:00,468,14.958234259147758,25.052490438881126,51.984140532535626,14,2.0609807311743795,40.95630193363969,7,1,0.4,3300
compressor_current_anomaly,2026-01-01T00:40:00+00:00,480,14.967745813253382,24.926712973733327,51.98264112333475,14,2.0335624117188797,40.00427043442589,7,1,0.4,3300
compressor_current_anomaly,2026-01-01T00:41:00+00:00,492,15.047198797609528,24.938841585928873,51.98772277947877,14,1.939346503873641,39.39540785238501,7,1,0.4,3300
compressor_current_anomaly,2026-01-01T00:42:00+00:00,504,15.042747512444741,25.034579157623483,52.029907526775546,14,1.92835520076512,40.384064314970736,7,1,0.4,3300
compressor_current_anomaly,2026-01-01T00:43:00+00:00,516,15.05931046467991,25.04653759412767,52.06743763992027,14,2.036172586880683,40.433341528910624,7,1,0.4,3300
compressor_current_anomaly,2026-01-01T00:44:00+00:00,528,14.981788624371248,24.960632956616255,51.98898558317021,14,2.086461851687181,40.45662563857533,7,1,0.4,3300
compressor_current_anomaly,2026-01-01T00:45:00+00:00,540,14.914887012253306,25.046265217858156,51.96356385662843,14,1.9722470895471362,39.41066611231311,7,1,0.4,3300
compressor_current_anomaly,2026-01-01T00:46:00+00:00,552,15.082955188780428,24.91031813537416,51.903501520907824,14,2.093378700576983,39.57927832112513,7,1,0.4,3300
compressor_current_anomaly,2026-01-01T00:47:00+00:00,564,15.006970245260383,24.90300095170068,51.95448765461006,14,1.9346434922304456,39.140102249360034,7,1,0.4,3300
compressor_current_anomaly,2026-01-01T00:48:00+00:00,576,14.93954156684962,24.992351117775183,52.00135967242474,14,2.043264450842822,40.042588589637106,7,1,0.4,3300
compressor_current_anomaly,2026-01-01T00:49:00+00:00,588,15.07987976526845,25.021305325685976,51.96541218046534,14,1.9531953319156299,40.69698641177698,7,1,0.4,3300
compressor_current_anomaly,2026-01-01T00:50:00+00:00,600,15.064082353584762,25.00473604543655,51.971322697552374,14,2.0603448213007773,39.444655772952835,7,1,0.4,3300
compressor_current_anomaly,2026-01-01T00:51:00+00:00,612,15.00091219588538,24.963158002681233,51.99594253724803,14,1.9972497067944228,39.879651617537434,7,1,0.4,3300
compressor_current_anomaly,2026-01-01T00:52:00+00:00,624,15.07172148485534,25.04960998966823,51.91863372717733,14,2.0193983765338626,40.74585482044343,7,1,0.4,3300
compressor_current_anomaly,2026-01-01T00:53:00+00:00,636,14.917453230304966,25.086671793467357,51.92058029379911,14,2.0742533466746913,39.553271858044155,7,1,0.4,3300
compressor_current_anomaly,2026-01-01T00:54:00+00:00,648,14.973532036094236,24.9535691165376,52.05237584110217,14,2.0772156046261614,40.17876030994196,7,1,0.4,3300
compressor_current_anomaly,2026-01-01T00:55:00+00:00,660,15.060173173434722,25.017706599528868,52.0005605110036,14,1.9825396425475605,40.14886665487391,7,1,0.4,3300
compressor_current_anomaly,2026-01-01T00:56:00+00:00,672,14.92541091540454,24.99673521732886,52.03949346867925,14,1.9090452027163478,40.15628282703467,7,1,0.4,3300
compressor_current_anomaly,2026-01-01T00:57:00+00:00,684,15.093304357387916,25.034040847224492,51.94586058756769,14,2.059131992961519,39.673828742984384,7,1,0.4,3300
compressor_current_anomaly,2026-01-01T00:58:00+00:00,696,15.098598567959627,24.988085321990905,51.992371132777905,14,1.918700927354387,39.42501526613767,7,1,0.4,3300
compressor_current_anomaly,2026-01-01T00:59:00+00:00,708,14.953514803657537,25.045618248205784,51.93543903515594,14,1.9031509423532977,40.65575089975494,7,1,0.4,3300
compressor_current_anomaly,2026-01-01T01:00:00+00:00,720,24.958411755669456,25.05544574137021,52.05727295275159,0,0,0,25,0,0,8
compressor_current_anomaly,2026-01-01T01:01:00+00:00,732,25.067783794660187,24.920220668703184,51.91009822815274,0,0,0,25,0,0,8
compressor_current_anomaly,2026-01-01T01:02:00+00:00,744,14.91597040397673,25.07294762152195,52.07612550769882,14,2.02540784848965,40.95649701370145,7,1,0.4,3300
compressor_current_anomaly,2026-01-01T01:03:00+00:00,756,14.948196264077362,24.950375486293396,51.90938181961072,14,2.088910713279747,40.48438760603147,7,1,0.4,3300
compressor_current_anomaly,2026-01-01T01:04:00+00:00,768,14.931134182054022,24.934059998525065,51.94240352433683,14,1.9309556829087764,39.67312852836888,7,1,0.4,3300
compressor_current_anomaly,2026-01-01T01:05:00+00:00,780,15.06995349397997,24.98272800629136,52.0172573915286,14,1.9982965132828678,39.47560363023554,7,1,0.4,3300
compressor_current_anomaly,2026-01-01T01:06:00+00:00,792,15.060681683493115,24.969214017918027,52.0117057710321,14,1.903723041009716,40.54811469150925,7,1,0.4,3300
compressor_current_anomaly,2026-01-01T01:07:00+00:00,804,14.956482242327358,24.965069767004756,52.02769743173634,14,2.0843226583146923,39.96125077163703,7,1,0.4,3300
compressor_current_anomaly,2026-01-01T01:08:00+00:00,816,15.006581752116633,25.00750157745084,51.913239047188775,14,1.9760703714978922,40.33508888195639,7,1,0.4,3300
compressor_current_anomaly,2026-01-01T01:09:00+00:00,828,15.050243883712513,24.923353428205054,51.91928657189517,14,1.95400962180257,39.50345697641521,7,1,0.4,3300
compressor_current_anomaly,2026-01-01T01:10:00+00:00,840,14.92047144053943,25.09167757354621,52.044646070364585,14,1.9821178586844534,39.63479766788655,7,1,0.4,3300
compressor_current_anomaly,2026-01-01T01:11:00+00:00,852,14.968816905551526,24.933552326325234,52.060910968980394,14,1.942033252776996,40.95585459328731,7,1,0.4,3300
compressor_current_anomaly,2026-01-01T01:12:00+00:00,864,14.96851567900629,25.02763250246678,51.92484430420703,14,1.9612199508187267,40.1209621460032,7,1,0.4,3300
compressor_current_anomaly,2026-01-01T01:13:00+00:00,876,15.096956608859948,24.917348565510057,52.02247850653807,14,1.9872011115248602,39.6998477514743,7,1,0.4,3300
compressor_current_anomaly,2026-01-01T01:14:00+00:00,888,14.961032789391894,25.060180946987973,51.93901816406381,14,2.0619979916916717,40.92843209848666,7,1,0.4,3300
no_response,2026-01-01T00:00:00+00:00,0,24.930169834784902,24.964766552966633,51.914487257333505,0,0,0,25,0,0,8
no_response,2026-01-01T00:01:00+00:00,12,24.957587552978037,25.045889057887845,51.92361315565099,0,0,0,25,0,0,8
no_response,2026-01-01T00:02:00+00:00,24,25.076838565439644,24.971754233066324,51.930184181158225,0,1.946391373363907,39.35243545698074,25,1,0,300
no_response,2026-01-01T00:03:00+00:00,36,24.944608334620636,24.965932999009553,52.09698521011818,0,2.0612157169571335,40.70525759749332,25,1,0,300
no_response,2026-01-01T00:04:00+00:00,48,24.98380251055091,24.951872959054043,52.08200341126311,0,1.9916321972943467,39.70756804790652,25,1,0,300
no_response,2026-01-01T00:05:00+00:00,60,24.986304363599526,24.932293211976177,51.967823228867765,0,1.9637051136675387,39.39148933226786,25,1,0,300
no_response,2026-01-01T00:06:00+00:00,72,24.986435517156885,25.063784028068344,52.06692278666605,0,2.001337190431033,39.786172151123175,25,1,0,300
no_response,2026-01-01T00:07:00+00:00,84,25.066987518687405,25.00087421025109,52.0652818243004,0,2.0785659472811018,40.168123033612474,25,1,0,300
no_response,2026-01-01T00:08:00+00:00,96,25.004813142510965,24.928348135571905,51.9265210145762,0,2.0017488707297564,40.64043402122957,25,1,0,300
no_response,2026-01-01T00:09:00+00:00,108,24.93233139228101,24.933466493551737,52.081191982048495,0,1.9440050504401118,39.99415157065371,25,1,0,300
no_response,2026-01-01T00:10:00+00:00,120,24.91407038167171,24.92242653682745,52.01657819478467,0,1.9447166067220079,39.776163894845276,25,1,0,300
no_response,2026-01-01T00:11:00+00:00,132,24.90057414483762,24.933852188451525,51.9702933720055,0,1.9247416564242972,40.91102966495116,25,1,0,300
no_response,2026-01-01T00:12:00+00:00,144,25.097564765918502,25.076694925286205,51.91681651951125,0,1.999695053679395,39.192845157102646,25,1,0,300
no_response,2026-01-01T00:13:00+00:00,156,24.920277553492554,24.912654215705647,52.01002752207898,0,1.918230519671825,40.27836389145251,25,1,0,300
no_response,2026-01-01T00:14:00+00:00,168,25.012468653682596,24.908219806676897,51.907625740271655,0,1.9235462030616945,40.676408519211456,25,1,0,300
no_response,2026-01-01T00:15:00+00:00,180,25.079082620705428,25.035935991000866,52.05697386304191,0,2.0061442465313846,39.230157401684906,25,1,0,300
no_response,2026-01-01T00:16:00+00:00,192,25.080700694025158,24.9496994035916,52.00630548004094,0,1.9475337612021217,39.811977448845774,25,1,0,300
no_response,2026-01-01T00:17:00+00:00,204,25.024524413921434,24.942393221544567,52.08215794588856,0,1.9053805099604921,39.28918983091285,25,1,0,300
no_response,2026-01-01T00:18:00+00:00,216,24.998916333306664,24.93690384025448,52.06636716800204,0,2.088773977993273,39.52115016546856,25,1,0,300
no_response,2026-01-01T00:19:00+00:00,228,25.027596172558372,24.93923818634343,51.94128879291601,0,1.9067863211223741,39.77668242847795,25,1,0,300
no_response,2026-01-01T00:20:00+00:00,240,24.911323660988298,24.97109460031624,51.97993683526144,0,1.9837164996794399,39.02661667876221,25,1,0,300
no_response,2026-01-01T00:21:00+00:00,252,25.058334869942847,25.08081745416296,52.07822707099918,0,2.056256292895087,40.216734289782856,25,1,0,300
no_response,2026-01-01T00:22:00+00:00,264,24.963418799211354,24.966179253447518,52.01729023303501,0,2.0568431109137775,40.269641773217565,25,1,0,300
no_response,2026-01-01T00:23:00+00:00,276,24.903555414491066,24.925793697643776,51.94845407672342,0,1.937482066337471,40.46711484706711,25,1,0,300
no_response,2026-01-01T00:24:00+00:00,288,25.073441031564528,25.062350483075697,51.9547697364917,0,2.061406578939927,40.70236508246153,25,1,0,300
no_response,2026-01-01T00:25:00+00:00,300,25.074133383789018,25.01147604937797,52.08944101310612,0,1.9128371668800268,40.819839431267994,25,1,0,300
no_response,2026-01-01T00:26:00+00:00,312,25.010674817695197,25.042744884567526,52.0741446288666,0,1.9823563341003014,39.53279357281719,25,1,0,300
no_response,2026-01-01T00:27:00+00:00,324,24.90308902771699,24.998603421584264,51.99532286842656,0,1.953251909089595,40.7440273413879,25,1,0,300
no_response,2026-01-01T00:28:00+00:00,336,24.967709711791137,25.055381426756462,51.96701650726129,0,2.0962441825336584,39.87116376821736,25,1,0,300
no_response,2026-01-01T00:29:00+00:00,348,24.948450889190536,24.96210090820635,52.00248989991235,0,2.017136663789234,39.766343339824765,25,1,0,300
no_response,2026-01-01T00:30:00+00:00,360,24.917585946353732,25.016316476809884,51.96477338369034,0,0,0,25,0,0,8
no_response,2026-01-01T00:31:00+00:00,372,25.037977436696522,25.078902215205016,52.098049708469034,0,0,0,25,0,0,8
no_response,2026-01-01T00:32:00+00:00,384,24.96456438920487,25.05411619481272,51.97076896023072,0,1.9533220106790934,39.338829249633704,25,1,0,300
no_response,2026-01-01T00:33:00+00:00,396,25.09168065127841,24.975378721400116,52.09018780809038,0,1.9454545987522451,40.009659442371806,25,1,0,300
no_response,2026-01-01T00:34:00+00:00,408,24.962183390005613,24.9078467734938,51.93593431944333,0,2.0140330515770493,40.67893074792109,25,1,0,300
no_response,2026-01-01T00:35:00+00:00,420,25.012653704346373,24.92837761281066,52.06307853924926,0,2.052103409083511,40.096520355710915,25,1,0,300
no_response,2026-01-01T00:36:00+00:00,432,25.04111479431871,25.063946859538387,52.08898671450681,0,1.9999060209553843,39.98875967298418,25,1,0,300
no_response,2026-01-01T00:37:00+00:00,444,24.936100330901937,24.92285071794278,52.00962277166523,0,2.0724347276051653,39.22454358967035,25,1,0,300
no_response,2026-01-01T00:38:00+00:00,456,24.989353598685984,24.938629595479263,52.01627459740621,0,1.9041913382530924,39.227152344453,25,1,0,300
no_response,2026-01-01T00:39:00+00:00,468,24.956316712190272,24.972582088100765,52.07456270277009,0,2.0362667606354217,40.87728741975343,25,1,0,300
no_response,2026-01-01T00:40:00+00:00,480,25.007387887898812,24.93763538937365,52.02797844905093,0,1.9424452667259393,40.8457755748566,25,1,0,300
no_response,2026-01-01T00:41:00+00:00,492,24.93548584412163,24.92986307278701,52.08429132667049,0,1.9058085938555422,39.32415991318968,25,1,0,300
no_response,2026-01-01T00:42:00+00:00,504,24.933748411334275,24.91950967870847,51.91804627837867,0,2.0837005952974423,39.67907954219225,25,1,0,300
no_response,2026-01-01T00:43:00+00:00,516,24.948152398803167,24.975393635021167,51.92323307854952,0,2.0567934707308604,40.68611464829493,25,1,0,300
no_response,2026-01-01T00:44:00+00:00,528,25.059656323752574,24.99566799660128,51.929976104208706,0,1.973385085893834,40.36035987929288,25,1,0,300
no_response,2026-01-01T00:45:00+00:00,540,25.053975652843558,25.053845683317615,51.944141697656946,0,2.063495969795395,39.1542736674998,25,1,0,300
no_response,2026-01-01T00:46:00+00:00,552,24.914385610542144,25.07252607774725,51.93603312375276,0,2.012211872245669,40.84479692162987,25,1,0,300
no_response,2026-01-01T00:47:00+00:00,564,25.078612932212764,24.95423481578793,51.94543567237077,0,1.9064807825984218,40.84921366423166,25,1,0,300
no_response,2026-01-01T00:48:00+00:00,576,24.978653495943906,24.90618400934935,51.95839155550273,0,1.9168652067540424,40.78100983978439,25,1,0,300
no_response,2026-01-01T00:49:00+00:00,588,24.923167635601807,25.08918779139596,52.057495869401514,0,2.067674444388561,39.504008825879026,25,1,0,300
no_response,2026-01-01T00:50:00+00:00,600,25.061878935481833,24.99091414893457,51.97046078544295,0,2.010535344085949,39.20181436813653,25,1,0,300
no_response,2026-01-01T00:51:00+00:00,612,24.910699243228546,24.96239437745152,51.97659407224816,0,2.0924251477323854,40.93385178387329,25,1,0,300
no_response,2026-01-01T00:52:00+00:00,624,24.96774581325338,24.926712973733327,51.98264112333475,0,2.0703869038430422,40.00427043442589,25,1,0,300
no_response,2026-01-01T00:53:00+00:00,636,25.044906257226348,25.026002020051678,51.98002787737594,0,2.0177509224549355,40.02417308024358,25,1,0,300
no_response,2026-01-01T00:54:00+00:00,648,24.950388100231187,24.941857822766625,52.081774179925155,0,2.0890625131353273,40.42042978522645,25,1,0,300
no_response,2026-01-01T00:55:00+00:00,660,25.086136887907184,24.948090161295486,52.034375986522775,0,2.027727881935328,40.86070934766808,25,1,0,300
no_response,2026-01-01T00:56:00+00:00,672,25.05931046467991,25.04653759412767,52.06743763992027,0,1.906124299273078,40.433341528910624,25,1,0,300
no_response,2026-01-01T00:57:00+00:00,684,25.038229468265538,24.905535307663325,51.95190399679286,0,2.0286587145037918,40.92862511658609,25,1,0,300
no_response,2026-01-01T00:58:00+00:00,696,24.944796297920664,25.05295759145929,51.94380394632019,0,1.973069894672744,39.768360523181215,25,1,0,300
no_response,2026-01-01T00:59:00+00:00,708,25.048074604633083,25.08911564398111,51.973545436049186,0,1.9363455484804006,40.80543887094883,25,1,0,300
no_response,2026-01-01T01:00:00+00:00,720,25.082955188780428,24.91031813537416,51.903501520907824,0,0,0,25,0,0,8
no_response,2026-01-01T01:01:00+00:00,732,24.9414302997925,25.091581030146724,52.09231821616579,0,0,0,25,0,0,8
no_response,2026-01-01T01:02:00+00:00,744,25.006970245260383,24.90300095170068,51.95448765461006,0,1.9009499443130058,39.140102249360034,25,1,0,300
no_response,2026-01-01T01:03:00+00:00,756,25.080364813184655,25.022943972337746,51.96222743093273,0,1.9521573098469203,40.32503284362804,25,1,0,300
no_response,2026-01-01T01:04:00+00:00,768,24.91412788229586,24.921309858113762,52.006371098166206,0,1.9338226023907283,40.66618383536261,25,1,0,300
no_response,2026-01-01T01:05:00+00:00,780,24.950643425441605,25.062602991322855,51.97613416379242,0,1.926718475281895,40.67940491895543,25,1,0,300
no_response,2026-01-01T01:06:00+00:00,792,25.064082353584762,25.00473604543655,51.971322697552374,0,2.0489629992899068,39.444655772952835,25,1,0,300
no_response,2026-01-01T01:07:00+00:00,804,24.910511324537396,25.085019225643393,51.98852509091684,0,1.913927021470194,39.17267726165882,25,1,0,300
no_response,2026-01-01T01:08:00+00:00,816,24.923083514177776,24.936482505925976,52.060098887943454,0,1.9646426168181799,39.053498620039015,25,1,0,300
no_response,2026-01-01T01:09:00+00:00,828,24.946529038970283,24.95066262252056,52.09897866349412,0,1.9350200193607239,40.411743028464834,25,1,0,300
no_response,2026-01-01T01:10:00+00:00,840,24.917453230304968,25.086671793467357,51.92058029379911,0,1.922737697670083,39.553271858044155,25,1,0,300
no_response,2026-01-01T01:11:00+00:00,852,25.05423327544791,25.0942123070263,52.006591632402895,0,1.9887086484018595,40.70966708612173,25,1,0,300
no_response,2026-01-01T01:12:00+00:00,864,24.90035503844405,25.042638864617913,51.9853093297594,0,1.9625999657738413,40.938129965670264,25,1,0,300
no_response,2026-01-01T01:13:00+00:00,876,25.000618282316385,24.99052516667216,52.020807136483675,0,1.9139004666504265,39.36182959673129,25,1,0,300
no_response,2026-01-01T01:14:00+00:00,888,24.925410915404537,24.99673521732886,52.03949346867925,0,2.095259820996972,40.15628282703467,25,1,0,300
humidity_degradation,2026-01-01T00:00:00+00:00,0,24.930169834784902,24.964766552966633,51.914487257333505,0,0,0,25,0,0,8
humidity_degradation,2026-01-01T00:01:00+00:00,12,24.957587552978037,25.045889057887845,51.92361315565099,0,0,0,25,0,0,8
humidity_degradation,2026-01-01T00:02:00+00:00,24,15.076838565439644,24.971754233066324,51.930184181158225,8.892782746727814,1.9466672167361723,39.35243545698074,7,1,0.11969925460682712,2300
humidity_degradation,2026-01-01T00:03:00+00:00,36,14.940874672655244,24.939341232683862,52.08006166757682,8.991789370504616,2.030595608568202,40.68087105455858,7,1,0.1259928748969932,2300
humidity_degradation,2026-01-01T00:04:00+00:00,48,15.088653406802697,25.01190276129954,51.92742688717937,8.976847235310018,1.9145092199312976,39.24324390876836,7,1,0.11481277516906539,2300
humidity_degradation,2026-01-01T00:05:00+00:00,60,14.986435517156883,25.063784028068344,52.06692278666605,9.002674380862066,2.0375483471381384,39.786172151123175,7,1,0.12964881080829593,2300
humidity_degradation,2026-01-01T00:06:00+00:00,72,14.91321007124443,25.03185989786087,51.95043870629254,8.90622328887816,2.0458670076078795,39.14889999994835,7,1,0.11410435054164172,2300
humidity_degradation,2026-01-01T00:07:00+00:00,84,15.082684777491878,25.026179160773815,52.009845629637596,8.819790413777428,2.0464704936905,40.439145163902296,7,1,0.11901720845921547,2300
humidity_degradation,2026-01-01T00:08:00+00:00,96,14.91407038167171,24.92242653682745,52.01657819478467,8.889433213444017,2.020212179424095,39.776163894845276,7,1,0.11020923279784267,2300
humidity_degradation,2026-01-01T00:09:00+00:00,108,14.912515988652912,24.906970877146797,51.95140319048605,9.159420715587189,1.967813906614444,40.494573608977376,7,1,0.11544629325493737,2300
humidity_degradation,2026-01-01T00:10:00+00:00,120,14.989822771553758,25.07322546568179,70.33333333333333,8.842312024943404,2.0192294131364017,40.89140416691213,7,1,0.12239895959939057,2300
humidity_degradation,2026-01-01T00:11:00+00:00,132,15.012468653682596,24.908219806676897,70.36666666666666,8.847092406123389,2.019903954052528,40.676408519211456,7,1,0.1210010367406919,2300
humidity_degradation,2026-01-01T00:12:00+00:00,144,14.90965829088745,25.04871894412932,70.4,9.193622079105069,2.0171740650064636,40.27847568640049,7,1,0.1232739706182067,2300
humidity_degradation,2026-01-01T00:13:00+00:00,156,14.903045541301026,25.07600904033695,70.43333333333334,9.177879158136804,2.049230269960997,40.48775732819403,7,1,0.11653742793082252,2300
humidity_degradation,2026-01-01T00:14:00+00:00,168,14.998916333306662,24.93690384025448,70.46666666666667,9.177547955986546,1.956745950602354,39.52115016546856,7,1,0.11429428680811661,2300
humidity_degradation,2026-01-01T00:15:00+00:00,180,15.0400157057997,25.054809671106476,70.5,8.981561077930118,1.9626028556522848,40.28307764417254,7,1,0.12256553883860262,2300
humidity_degradation,2026-01-01T00:16:00+00:00,192,15.027460238464805,24.985698654686455,70.53333333333333,9.141778184131118,1.911412574477911,40.85745241199685,7,1,0.12655799754926403,2300
humidity_degradation,2026-01-01T00:17:00+00:00,204,14.963418799211354,24.966179253447518,70.56666666666666,9.113686221827555,1.9080102196319078,40.269641773217565,7,1,0.12445353069220394,2300
humidity_degradation,2026-01-01T00:18:00+00:00,216,15.04588838458079,24.96221251981332,70.6,8.823911608208059,1.9735131158661245,39.97265694452745,7,1,0.12149926464673377,2300
humidity_degradation,2026-01-01T00:19:00+00:00,228,14.931230989569112,25.05746950966379,70.63333333333334,8.808228043002142,1.906715815074211,40.038913631545554,7,1,0.12980809284311093,2300
humidity_degradation,2026-01-01T00:20:00+00:00,240,15.010674817695197,25.042744884567526,70.66666666666667,8.964712668200603,1.931137292124957,39.53279357281719,7,1,0.11542214268013691,2300
humidity_degradation,2026-01-01T00:21:00+00:00,252,15.07456066922499,24.912241600888283,70.7,9.012204202426977,2.007466289601284,40.02662813701692,7,1,0.11041375610881117,2300
humidity_degradation,2026-01-01T00:22:00+00:00,264,15.002755774410696,25.091216960431723,70.73333333333333,8.8593629343509,1.924784009921003,40.06766298311839,7,1,0.11262738598662472,2300
humidity_degradation,2026-01-01T00:23:00+00:00,276,14.91758594635373,25.016316476809884,70.76666666666667,9.13526116085843,2.091752644368736,40.686779806138354,7,1,0.11408619060696967,2300
humidity_degradation,2026-01-01T00:24:00+00:00,288,14.96456438920487,25.05411619481272,70.8,8.906644021358186,1.9198911441256514,39.338829249633704,7,1,0.12807710199768846,2300
humidity_degradation,2026-01-01T00:25:00+00:00,300,14.962157791875303,25.01353619567315,70.83333333333333,9.14040100345482,1.964207431954614,39.354094397666124,7,1,0.12325497610737692,2300
humidity_degradation,2026-01-01T00:26:00+00:00,312,15.061146705685745,25.040547963716353,70.86666666666666,9.055006725299368,2.008786319584067,40.93882870347589,7,1,0.11499380126053194,2300
humidity_degradation,2026-01-01T00:27:00+00:00,324,15.041114794318709,25.063946859538387,70.9,8.999812041910769,1.931496493511846,39.98875967298418,7,1,0.11599144408145921,2300
humidity_degradation,2026-01-01T00:28:00+00:00,336,14.922922682205728,25.05138010374917,70.93333333333334,9.132084291237478,1.9783925496701893,39.20418641656619,7,1,0.11342510371922859,2300
humidity_degradation,2026-01-01T00:29:00+00:00,348,15.015832328026649,24.90119761576579,70.96666666666667,9.19455908420284,1.909076298223249,39.918815417234285,7,1,0.11291657339438245,2300
humidity_degradation,2026-01-01T00:30:00+00:00,360,25.007387887898812,24.93763538937365,52.02797844905093,0,0,0,25,0,0,8
humidity_degradation,2026-01-01T00:31:00+00:00,372,25.095476968148894,25.05452119044884,51.955652556361784,0,0,0,25,0,0,8
humidity_degradation,2026-01-01T00:32:00+00:00,384,15.08382593300278,24.98198547796461,70.06666666666666,8.900771507682697,1.9524641598899128,39.4481655661867,7,1,0.1186758897068842,2300
humidity_degradation,2026-01-01T00:33:00+00:00,396,14.902118026205468,24.97252197305442,70.1,9.019524014981844,2.0380576065337257,40.08793916228617,7,1,0.12964722812076535,2300
humidity_degradation,2026-01-01T00:34:00+00:00,408,15.059656323752572,24.99566799660128,70.13333333333334,8.946770171787668,2.0041387508217463,40.36035987929288,7,1,0.1147525855336704,2300
humidity_degradation,2026-01-01T00:35:00+00:00,420,15.09773613294793,24.901205253878455,70.16666666666667,8.902009560656413,2.0717756633442286,39.62608108496255,7,1,0.12111387452405431,2300
humidity_degradation,2026-01-01T00:36:00+00:00,432,14.992890575750055,24.91871807008707,70.2,8.845749110099113,2.0656989728686463,40.357813662311045,7,1,0.11244254464767786,2300
humidity_degradation,2026-01-01T00:37:00+00:00,444,14.978653495943906,24.90618400934935,70.23333333333333,8.833730413508084,2.015703423645532,40.78100983978439,7,1,0.11467835772686595,2300
humidity_degradation,2026-01-01T00:38:00+00:00,456,15.018973219251832,24.967918289696097,70.26666666666667,8.995621197235076,1.9032707139119378,39.00899069458947,7,1,0.11221194295260355,2300
humidity_degradation,2026-01-01T00:39:00+00:00,468,14.958234259147758,25.052490438881126,70.3,9.05951951171255,2.0609807311743795,40.95630193363969,7,1,0.12352994362107463,2300
humidity_degradation,2026-01-01T00:40:00+00:00,480,14.967745813253382,24.926712973733327,70.33333333333333,9.140773807686084,2.0335624117188797,40.00427043442589,7,1,0.12155646360405586,2300
humidity_degradation,2026-01-01T00:41:00+00:00,492,15.047198797609528,24.938841585928873,70.36666666666666,9.08149479551037,1.939346503873641,39.39540785238501,7,1,0.11531214016693435,2300
humidity_degradation,2026-01-01T00:42:00+00:00,504,15.042747512444741,25.034579157623483,70.4,8.98868556501238,1.92835520076512,40.384064314970736,7,1,0.1281805332747058,2300
humidity_degradation,2026-01-01T00:43:00+00:00,516,15.05931046467991,25.04653759412767,70.43333333333334,8.812248598546157,2.036172586880683,40.433341528910624,7,1,0.12699955566393958,2300
humidity_degradation,2026-01-01T00:44:00+00:00,528,14.981788624371248,24.960632956616255,70.46666666666667,8.837937706295573,2.086461851687181,40.45662563857533,7,1,0.11684692208807049,2300
humidity_degradation,2026-01-01T00:45:00+00:00,540,14.914887012253306,25.046265217858156,70.5,9.065173726645329,1.9722470895471362,39.41066611231311,7,1,0.11239414940826202,2300
humidity_degradation,2026-01-01T00:46:00+00:00,552,15.082955188780428,24.91031813537416,70.53333333333333,8.915587862591345,2.093378700576983,39.57927832112513,7,1,0.12740903066670475,2300
humidity_degradation,2026-01-01T00:47:00+00:00,564,15.006970245260383,24.90300095170068,70.56666666666666,8.801899888626012,1.9346434922304456,39.140102249360034,7,1,0.12391772452725776,2300
humidity_degradation,2026-01-01T00:48:00+00:00,576,14.93954156684962,24.992351117775183,70.6,8.94513547326854,2.043264450842822,40.042588589637106,7,1,0.12058523331743022,2300
humidity_degradation,2026-01-01T00:49:00+00:00,588,15.07987976526845,25.021305325685976,70.63333333333334,9.1275643076931,1.9531953319156299,40.69698641177698,7,1,0.1173167723866654,2300
humidity_degradation,2026-01-01T00:50:00+00:00,600,15.064082353584762,25.00473604543655,70.66666666666667,9.097925998579813,2.0603448213007773,39.444655772952835,7,1,0.11438016017775605,2300
humidity_degradation,2026-01-01T00:51:00+00:00,612,15.00091219588538,24.963158002681233,70.7,9.189194308495674,1.9972497067944228,39.879651617537434,7,1,0.12889634509043257,2300
humidity_degradation,2026-01-01T00:52:00+00:00,624,15.07172148485534,25.04960998966823,70.73333333333333,9.101414219079857,2.0193983765338626,40.74585482044343,7,1,0.12953582380737302,2300
humidity_degradation,2026-01-01T00:53:00+00:00,636,14.917453230304966,25.086671793467357,70.76666666666667,8.845475395340166,2.0742533466746913,39.553271858044155,7,1,0.11883595643678194,2300
humidity_degradation,2026-01-01T00:54:00+00:00,648,14.973532036094236,24.9535691165376,70.8,8.864851246305719,2.0772156046261614,40.17876030994196,7,1,0.11735355964000596,2300
humidity_degradation,2026-01-01T00:55:00+00:00,660,15.060173173434722,25.017706599528868,70.83333333333333,9.024185673882299,1.9825396425475605,40.14886665487391,7,1,0.12087175291032155,2300
humidity_degradation,2026-01-01T00:56:00+00:00,672,14.92541091540454,24.99673521732886,70.86666666666666,9.190519641993944,1.9090452027163478,40.15628282703467,7,1,0.12430548307156761,2300
humidity_degradation,2026-01-01T00:57:00+00:00,684,15.093304357387916,25.034040847224492,70.9,8.843426563500312,2.059131992961519,39.673828742984384,7,1,0.12474217581540652,2300
humidity_degradation,2026-01-01T00:58:00+00:00,696,15.098598567959627,24.988085321990905,70.93333333333334,8.80085669179999,1.918700927354387,39.42501526613767,7,1,0.11181958245990002,2300
humidity_degradation,2026-01-01T00:59:00+00:00,708,14.953514803657537,25.045618248205784,70.96666666666667,9.008285600016613,1.9031509423532977,40.65575089975494,7,1,0.1278053151413454,2300
humidity_degradation,2026-01-01T01:00:00+00:00,720,24.958411755669456,25.05544574137021,52.05727295275159,0,0,0,25,0,0,8
humidity_degradation,2026-01-01T01:01:00+00:00,732,25.067783794660187,24.920220668703184,51.91009822815274,0,0,0,25,0,0,8
humidity_degradation,2026-01-01T01:02:00+00:00,744,14.91597040397673,25.07294762152195,70.06666666666666,8.805313662466045,2.02540784848965,40.95649701370145,7,1,0.12264085056749124,2300
humidity_degradation,2026-01-01T01:03:00+00:00,756,14.948196264077362,24.950375486293396,70.1,8.839034415910048,2.088910713279747,40.48438760603147,7,1,0.11816449959655298,2300
humidity_degradation,2026-01-01T01:04:00+00:00,768,14.931134182054022,24.934059998525065,70.13333333333334,8.840989662780212,1.9309556829087764,39.67312852836888,7,1,0.12434085630638855,2300
humidity_degradation,2026-01-01T01:05:00+00:00,780,15.06995349397997,24.98272800629136,70.16666666666667,8.921935762853627,1.9982965132828678,39.47560363023554,7,1,0.1179015866007313,2300
humidity_degradation,2026-01-01T01:06:00+00:00,792,15.060681683493115,24.969214017918027,70.2,9.174200133593946,1.903723041009716,40.54811469150925,7,1,0.11541446027101378,2300
humidity_degradation,2026-01-01T01:07:00+00:00,804,14.956482242327358,24.965069767004756,70.23333333333333,8.951939125724156,2.0843226583146923,39.96125077163703,7,1,0.12878788860420592,2300
humidity_degradation,2026-01-01T01:08:00+00:00,816,15.006581752116633,25.00750157745084,70.26666666666667,9.075641307510146,1.9760703714978922,40.33508888195639,7,1,0.12838100664728982,2300
humidity_degradation,2026-01-01T01:09:00+00:00,828,15.050243883712513,24.923353428205054,70.3,9.005997498075603,1.95400962180257,39.50345697641521,7,1,0.12768151096329178,2300
humidity_degradation,2026-01-01T01:10:00+00:00,840,14.92047144053943,25.09167757354621,70.33333333333333,9.07386659705096,1.9821178586844534,39.63479766788655,7,1,0.12501496844602056,2300
humidity_degradation,2026-01-01T01:11:00+00:00,852,14.968816905551526,24.933552326325234,70.36666666666666,8.847326045429092,1.942033252776996,40.95585459328731,7,1,0.11213255690296109,2300
humidity_degradation,2026-01-01T01:12:00+00:00,864,14.96851567900629,25.02763250246678,70.4,8.8684527035465,1.9612199508187267,40.1209621460032,7,1,0.12236761631799348,2300
humidity_degradation,2026-01-01T01:13:00+00:00,876,15.096956608859948,24.917348565510057,70.43333333333334,8.874682440323458,1.9872011115248602,39.6998477514743,7,1,0.1286152050300117,2300
humidity_degradation,2026-01-01T01:14:00+00:00,888,14.961032789391894,25.060180946987973,70.46666666666667,8.815683478236918,2.0619979916916717,40.92843209848666,7,1,0.12057851393266171,2300
condensate,2026-01-01T00:00:00+00:00,0,24.930169834784902,24.964766552966633,51.914487257333505,0,0,0,25,0,0,8
condensate,2026-01-01T00:01:00+00:00,12,24.957587552978037,25.045889057887845,51.92361315565099,0,0,0,25,0,0,8
condensate,2026-01-01T00:02:00+00:00,24,15.076838565439644,24.971754233066324,51.930184181158225,8.892782746727814,1.9466672167361723,39.35243545698074,7,1,0.11969925460682712,2300
condensate,2026-01-01T00:03:00+00:00,36,14.940874672655244,24.939341232683862,52.08006166757682,8.991789370504616,2.030595608568202,40.68087105455858,7,1,0.1259928748969932,2300
condensate,2026-01-01T00:04:00+00:00,48,15.088653406802697,25.01190276129954,51.92742688717937,8.976847235310018,1.9145092199312976,39.24324390876836,7,1,0.11481277516906539,2300
condensate,2026-01-01T00:05:00+00:00,60,14.986435517156883,25.063784028068344,52.06692278666605,9.002674380862066,2.0375483471381384,39.786172151123175,7,1,0.12964881080829593,2300
condensate,2026-01-01T00:06:00+00:00,72,14.91321007124443,25.03185989786087,51.95043870629254,8.90622328887816,2.0458670076078795,39.14889999994835,7,1,0.11410435054164172,2300
condensate,2026-01-01T00:07:00+00:00,84,15.082684777491878,25.026179160773815,52.009845629637596,8.819790413777428,2.0464704936905,40.439145163902296,7,1,0.11901720845921547,2300
condensate,2026-01-01T00:08:00+00:00,96,14.91407038167171,24.92242653682745,52.01657819478467,8.889433213444017,2.020212179424095,39.776163894845276,7,1,0.11020923279784267,2300
condensate,2026-01-01T00:09:00+00:00,108,14.912515988652912,24.906970877146797,51.95140319048605,9.159420715587189,1.967813906614444,40.494573608977376,7,1,0.11544629325493737,2300
condensate,2026-01-01T00:10:00+00:00,120,14.989822771553758,25.07322546568179,52.05555525521152,8.842312024943404,2.0192294131364017,40.89140416691213,7,1,0.12239895959939057,2300
condensate,2026-01-01T00:11:00+00:00,132,15.012468653682596,24.908219806676897,51.907625740271655,8.847092406123389,2.019903954052528,40.676408519211456,7,1,0.1210010367406919,2300
condensate,2026-01-01T00:12:00+00:00,144,14.90965829088745,25.04871894412932,51.95073050008725,9.193622079105069,2.0171740650064636,40.27847568640049,7,1,0.1232739706182067,2300
condensate,2026-01-01T00:13:00+00:00,156,14.903045541301026,25.07600904033695,51.94722185856361,9.177879158136804,2.049230269960997,40.48775732819403,7,1,0.11653742793082252,2300
condensate,2026-01-01T00:14:00+00:00,168,14.998916333306662,24.93690384025448,52.06636716800204,9.177547955986546,1.956745950602354,39.52115016546856,7,1,0.11429428680811661,2300
condensate,2026-01-01T00:15:00+00:00,180,15.0400157057997,25.054809671106476,52.03591930446253,8.981561077930118,1.9626028556522848,40.28307764417254,7,1,0.12256553883860262,2300
condensate,2026-01-01T00:16:00+00:00,192,15.027460238464805,24.985698654686455,51.97248631887548,9.141778184131118,1.911412574477911,40.85745241199685,7,1,0.12655799754926403,2300
condensate,2026-01-01T00:17:00+00:00,204,14.963418799211354,24.966179253447518,52.01729023303501,9.113686221827555,1.9080102196319078,40.269641773217565,7,1,0.12445353069220394,2300
condensate,2026-01-01T00:18:00+00:00,216,15.04588838458079,24.96221251981332,52.072193510584405,8.823911608208059,1.9735131158661245,39.97265694452745,7,1,0.12149926464673377,2300
condensate,2026-01-01T00:19:00+00:00,228,14.931230989569112,25.05746950966379,51.96898433160864,8.808228043002142,1.906715815074211,40.038913631545554,7,1,0.12980809284311093,2300
condensate,2026-01-01T00:20:00+00:00,240,15.010674817695197,25.042744884567526,52.0741446288666,8.964712668200603,1.931137292124957,39.53279357281719,7,1,0.11542214268013691,2300
condensate,2026-01-01T00:21:00+00:00,252,15.07456066922499,24.912241600888283,51.99896070725685,9.012204202426977,2.007466289601284,40.02662813701692,7,1,0.11041375610881117,2300
condensate,2026-01-01T00:22:00+00:00,264,15.002755774410696,25.091216960431723,51.993283455953375,8.8593629343509,1.924784009921003,40.06766298311839,7,1,0.11262738598662472,2300
condensate,2026-01-01T00:23:00+00:00,276,14.91758594635373,25.016316476809884,51.96477338369034,9.13526116085843,2.091752644368736,40.686779806138354,7,1,0.11408619060696967,2300
condensate,2026-01-01T00:24:00+00:00,288,14.96456438920487,25.05411619481272,51.97076896023072,8.906644021358186,1.9198911441256514,39.338829249633704,7,1,0.12807710199768846,2300
condensate,2026-01-01T00:25:00+00:00,300,14.962157791875303,25.01353619567315,51.91720739259521,9.14040100345482,1.964207431954614,39.354094397666124,7,1,0.12325497610737692,2300
condensate,2026-01-01T00:26:00+00:00,312,15.061146705685745,25.040547963716353,52.0092806967552,9.055006725299368,2.008786319584067,40.93882870347589,7,1,0.11499380126053194,2300
condensate,2026-01-01T00:27:00+00:00,324,15.041114794318709,25.063946859538387,52.08898671450681,8.999812041910769,1.931496493511846,39.98875967298418,7,1,0.11599144408145921,2300
condensate,2026-01-01T00:28:00+00:00,336,14.922922682205728,25.05138010374917,52.044319874815876,9.132084291237478,1.9783925496701893,39.20418641656619,7,1,0.11342510371922859,2300
condensate,2026-01-01T00:29:00+00:00,348,15.015832328026649,24.90119761576579,51.904102440549046,9.19455908420284,1.909076298223249,39.918815417234285,7,1,0.11291657339438245,2300
condensate,2026-01-01T00:30:00+00:00,360,25.007387887898812,24.93763538937365,52.02797844905093,0,0,0,25,0,0,8
condensate,2026-01-01T00:31:00+00:00,372,25.095476968148894,25.05452119044884,51.955652556361784,0,0,0,25,0,0,8
condensate,2026-01-01T00:32:00+00:00,384,15.08382593300278,24.98198547796461,52.025424551755684,8.900771507682697,1.9524641598899128,39.4481655661867,7,1,0.1186758897068842,2300
condensate,2026-01-01T00:33:00+00:00,396,14.902118026205468,24.97252197305442,52.0306228957381,9.019524014981844,2.0380576065337257,40.08793916228617,7,1,0.12964722812076535,2300
condensate,2026-01-01T00:34:00+00:00,408,15.059656323752572,24.99566799660128,51.929976104208706,8.946770171787668,2.0041387508217463,40.36035987929288,7,1,0.1147525855336704,2300
condensate,2026-01-01T00:35:00+00:00,420,15.09773613294793,24.901205253878455,51.95246863676103,8.902009560656413,2.0717756633442286,39.62608108496255,7,1,0.12111387452405431,2300
condensate,2026-01-01T00:36:00+00:00,432,14.992890575750055,24.91871807008707,51.98597170015154,8.845749110099113,2.0656989728686463,40.357813662311045,7,1,0.11244254464767786,2300
condensate,2026-01-01T00:37:00+00:00,444,14.978653495943906,24.90618400934935,51.95839155550273,8.833730413508084,2.015703423645532,40.78100983978439,7,1,0.11467835772686595,2300
condensate,2026-01-01T00:38:00+00:00,456,15.018973219251832,24.967918289696097,52.05858989552373,8.995621197235076,1.9032707139119378,39.00899069458947,7,1,0.11221194295260355,2300
condensate,2026-01-01T00:39:00+00:00,468,14.958234259147758,25.052490438881126,51.984140532535626,9.05951951171255,2.0609807311743795,40.95630193363969,7,1,0.12352994362107463,2300
condensate,2026-01-01T00:40:00+00:00,480,14.967745813253382,24.926712973733327,51.98264112333475,9.140773807686084,2.0335624117188797,40.00427043442589,7,1,0.12155646360405586,2300
condensate,2026-01-01T00:41:00+00:00,492,15.047198797609528,24.938841585928873,51.98772277947877,9.08149479551037,1.939346503873641,39.39540785238501,7,1,0.11531214016693435,2300
condensate,2026-01-01T00:42:00+00:00,504,15.042747512444741,25.034579157623483,52.029907526775546,8.98868556501238,1.92835520076512,40.384064314970736,7,1,0.1281805332747058,2300
condensate,2026-01-01T00:43:00+00:00,516,15.05931046467991,25.04653759412767,52.06743763992027,8.812248598546157,2.036172586880683,40.433341528910624,7,1,0.12699955566393958,2300
condensate,2026-01-01T00:44:00+00:00,528,14.981788624371248,24.960632956616255,51.98898558317021,8.837937706295573,2.086461851687181,40.45662563857533,7,1,0.11684692208807049,2300
condensate,2026-01-01T00:45:00+00:00,540,14.914887012253306,25.046265217858156,51.96356385662843,9.065173726645329,1.9722470895471362,39.41066611231311,7,1,0.11239414940826202,2300
condensate,2026-01-01T00:46:00+00:00,552,15.082955188780428,24.91031813537416,51.903501520907824,8.915587862591345,2.093378700576983,39.57927832112513,7,1,0.12740903066670475,2300
condensate,2026-01-01T00:47:00+00:00,564,15.006970245260383,24.90300095170068,51.95448765461006,8.801899888626012,1.9346434922304456,39.140102249360034,7,1,0.12391772452725776,2300
condensate,2026-01-01T00:48:00+00:00,576,14.93954156684962,24.992351117775183,52.00135967242474,8.94513547326854,2.043264450842822,40.042588589637106,7,1,0.12058523331743022,2300
condensate,2026-01-01T00:49:00+00:00,588,15.07987976526845,25.021305325685976,51.96541218046534,9.1275643076931,1.9531953319156299,40.69698641177698,7,1,0.1173167723866654,2300
condensate,2026-01-01T00:50:00+00:00,600,15.064082353584762,25.00473604543655,51.971322697552374,9.097925998579813,2.0603448213007773,39.444655772952835,7,1,0.11438016017775605,2300
condensate,2026-01-01T00:51:00+00:00,612,15.00091219588538,24.963158002681233,51.99594253724803,9.189194308495674,1.9972497067944228,39.879651617537434,7,1,0.12889634509043257,2300
condensate,2026-01-01T00:52:00+00:00,624,15.07172148485534,25.04960998966823,51.91863372717733,9.101414219079857,2.0193983765338626,40.74585482044343,7,1,0.12953582380737302,2300
condensate,2026-01-01T00:53:00+00:00,636,14.917453230304966,25.086671793467357,51.92058029379911,8.845475395340166,2.0742533466746913,39.553271858044155,7,1,0.11883595643678194,2300
condensate,2026-01-01T00:54:00+00:00,648,14.973532036094236,24.9535691165376,52.05237584110217,8.864851246305719,2.0772156046261614,40.17876030994196,7,1,0.11735355964000596,2300
condensate,2026-01-01T00:55:00+00:00,660,15.060173173434722,25.017706599528868,52.0005605110036,9.024185673882299,1.9825396425475605,40.14886665487391,7,1,0.12087175291032155,2300
condensate,2026-01-01T00:56:00+00:00,672,14.92541091540454,24.99673521732886,52.03949346867925,9.190519641993944,1.9090452027163478,40.15628282703467,7,1,0.12430548307156761,2300
condensate,2026-01-01T00:57:00+00:00,684,15.093304357387916,25.034040847224492,51.94586058756769,8.843426563500312,2.059131992961519,39.673828742984384,7,1,0.12474217581540652,2300
condensate,2026-01-01T00:58:00+00:00,696,15.098598567959627,24.988085321990905,51.992371132777905,8.80085669179999,1.918700927354387,39.42501526613767,7,1,0.11181958245990002,2300
condensate,2026-01-01T00:59:00+00:00,708,14.953514803657537,25.045618248205784,51.93543903515594,9.008285600016613,1.9031509423532977,40.65575089975494,7,1,0.1278053151413454,2300
condensate,2026-01-01T01:00:00+00:00,720,24.958411755669456,25.05544574137021,52.05727295275159,0,0,0,25,0,0,8
condensate,2026-01-01T01:01:00+00:00,732,25.067783794660187,24.920220668703184,51.91009822815274,0,0,0,25,0,0,8
condensate,2026-01-01T01:02:00+00:00,744,14.91597040397673,25.07294762152195,52.07612550769882,8.805313662466045,2.02540784848965,40.95649701370145,7,1,0.12264085056749124,2300
condensate,2026-01-01T01:03:00+00:00,756,14.948196264077362,24.950375486293396,51.90938181961072,8.839034415910048,2.088910713279747,40.48438760603147,7,1,0.11816449959655298,2300
condensate,2026-01-01T01:04:00+00:00,768,14.931134182054022,24.934059998525065,51.94240352433683,8.840989662780212,1.9309556829087764,39.67312852836888,7,1,0.12434085630638855,2300
condensate,2026-01-01T01:05:00+00:00,780,15.06995349397997,24.98272800629136,52.0172573915286,8.921935762853627,1.9982965132828678,39.47560363023554,7,1,0.1179015866007313,2300
condensate,2026-01-01T01:06:00+00:00,792,15.060681683493115,24.969214017918027,52.0117057710321,9.174200133593946,1.903723041009716,40.54811469150925,7,1,0.11541446027101378,2300
condensate,2026-01-01T01:07:00+00:00,804,14.956482242327358,24.965069767004756,52.02769743173634,8.951939125724156,2.0843226583146923,39.96125077163703,7,1,0.12878788860420592,2300
condensate,2026-01-01T01:08:00+00:00,816,15.006581752116633,25.00750157745084,51.913239047188775,9.075641307510146,1.9760703714978922,40.33508888195639,7,1,0.12838100664728982,2300
condensate,2026-01-01T01:09:00+00:00,828,15.050243883712513,24.923353428205054,51.91928657189517,9.005997498075603,1.95400962180257,39.50345697641521,7,1,0.12768151096329178,2300
condensate,2026-01-01T01:10:00+00:00,840,14.92047144053943,25.09167757354621,52.044646070364585,9.07386659705096,1.9821178586844534,39.63479766788655,7,1,0.12501496844602056,2300
condensate,2026-01-01T01:11:00+00:00,852,14.968816905551526,24.933552326325234,52.060910968980394,8.847326045429092,1.942033252776996,40.95585459328731,7,1,0.11213255690296109,2300
condensate,2026-01-01T01:12:00+00:00,864,14.96851567900629,25.02763250246678,51.92484430420703,8.8684527035465,1.9612199508187267,40.1209621460032,7,1,0.12236761631799348,2300
condensate,2026-01-01T01:13:00+00:00,876,15.096956608859948,24.917348565510057,52.02247850653807,8.874682440323458,1.9872011115248602,39.6998477514743,7,1,0.1286152050300117,2300
condensate,2026-01-01T01:14:00+00:00,888,14.961032789391894,25.060180946987973,51.93901816406381,8.815683478236918,2.0619979916916717,40.92843209848666,7,1,0.12057851393266171,2300
